┌ Info: sweep starting
│   n_cases = 30
│   gammas = 3-element Vector{Float64}: …
│   freqs_hz = 10-element Vector{Float64}: …
│   threads = 4
│   lu_concurrency = 4
│   ram_per_case_bytes = 12025908428
└   outdir = "/oscar/data/dharri15/eaguerov/Github/km-disk-vibrating/output/4193275_20260722_214351/sweep"
┌ Info: case starting
│   case = 24
│   of = 30
│   gamma = 0.5
│   freqHz = 80.0
└   thread = 2
┌ Info: case starting
│   case = 1
│   of = 30
│   gamma = 0.05
│   freqHz = 10.0
└   thread = 5
┌ Info: case starting
│   case = 17
│   of = 30
│   gamma = 0.2
│   freqHz = 60.0
└   thread = 3
┌ Info: case starting
│   case = 9
│   of = 30
│   gamma = 0.5
│   freqHz = 30.0
└   thread = 4
┌ Info: starting simulation
│   diskRadius = 0.2
│   diskMass = 0.0283
│   forceAmplitude = 0.0
│   forceFrequency = 90.0
│   bathAmplitude = 0.013805011271268526
│   bathFrequency = 30.0
│   nr = 2500
│   solverType = :auto
└   startStatic = true
┌ Info: starting simulation
│   diskRadius = 0.2
│   diskMass = 0.0283
│   forceAmplitude = 0.0
│   forceFrequency = 90.0
│   bathAmplitude = 0.01242451014414167
│   bathFrequency = 10.0
│   nr = 2500
│   solverType = :auto
└   startStatic = true
┌ Info: starting simulation
│   diskRadius = 0.2
│   diskMass = 0.0283
│   forceAmplitude = 0.0
│   forceFrequency = 90.0
│   bathAmplitude = 0.0019413297100221358
│   bathFrequency = 80.0
│   nr = 2500
│   solverType = :auto
└   startStatic = true
┌ Info: starting simulation
│   diskRadius = 0.2
│   diskMass = 0.0283
│   forceAmplitude = 0.0
│   forceFrequency = 90.0
│   bathAmplitude = 0.0013805011271268526
│   bathFrequency = 60.0
│   nr = 2500
│   solverType = :auto
└   startStatic = true
┌ Info: static equilibrium solved
│   z_eq = -0.131982242133607
└   z_eq_cm = -0.026396448426721397
┌ Info: static equilibrium solved
│   z_eq = -0.131982242133607
└   z_eq_cm = -0.026396448426721397
┌ Info: static equilibrium solved
│   z_eq = -0.131982242133607
└   z_eq_cm = -0.026396448426721397
┌ Info: static equilibrium solved
│   z_eq = -0.131982242133607
└   z_eq_cm = -0.026396448426721397
┌ Info: solver path selected
│   requested = :auto
│   resolved = :lu
│   n = 5002
└   stepsPerCycle = 60
┌ Info: solver path selected
│   requested = :auto
│   resolved = :lu
│   n = 5002
└   stepsPerCycle = 60
┌ Info: solver path selected
│   requested = :auto
│   resolved = :lu
│   n = 5002
└   stepsPerCycle = 60
┌ Info: solver path selected
│   requested = :auto
│   resolved = :lu
│   n = 5002
└   stepsPerCycle = 60
┌ Info: simulation progress
│   step = 91
│   of_estimate = 1801
│   percent = 5.1
│   elapsed_s = 134.4
│   eta_s = 2526.4
│   forceFrequency = 90.0
│   bathFrequency = 10.0
│   forceAmplitude = 0.0
└   bathAmplitude = 0.01242451014414167
┌ Info: simulation progress
│   step = 182
│   of_estimate = 1801
│   percent = 10.1
│   elapsed_s = 137.0
│   eta_s = 1218.5
│   forceFrequency = 90.0
│   bathFrequency = 10.0
│   forceAmplitude = 0.0
└   bathAmplitude = 0.01242451014414167
┌ Info: simulation progress
│   step = 273
│   of_estimate = 1801
│   percent = 15.2
│   elapsed_s = 139.2
│   eta_s = 779.1
│   forceFrequency = 90.0
│   bathFrequency = 10.0
│   forceAmplitude = 0.0
└   bathAmplitude = 0.01242451014414167
┌ Info: simulation progress
│   step = 364
│   of_estimate = 1801
│   percent = 20.2
│   elapsed_s = 141.9
│   eta_s = 560.0
│   forceFrequency = 90.0
│   bathFrequency = 10.0
│   forceAmplitude = 0.0
└   bathAmplitude = 0.01242451014414167
┌ Info: simulation progress
│   step = 455
│   of_estimate = 1801
│   percent = 25.3
│   elapsed_s = 144.1
│   eta_s = 426.2
│   forceFrequency = 90.0
│   bathFrequency = 10.0
│   forceAmplitude = 0.0
└   bathAmplitude = 0.01242451014414167
┌ Info: simulation progress
│   step = 546
│   of_estimate = 1801
│   percent = 30.3
│   elapsed_s = 146.3
│   eta_s = 336.2
│   forceFrequency = 90.0
│   bathFrequency = 10.0
│   forceAmplitude = 0.0
└   bathAmplitude = 0.01242451014414167
┌ Info: simulation progress
│   step = 637
│   of_estimate = 1801
│   percent = 35.4
│   elapsed_s = 149.4
│   eta_s = 273.0
│   forceFrequency = 90.0
│   bathFrequency = 10.0
│   forceAmplitude = 0.0
└   bathAmplitude = 0.01242451014414167
┌ Info: converged
│   step = 660
│   periods = 11.0
│   amplitude = 0.0053992163799969385
│   phase_deg = -120.11007725785524
│   amp_rel_change = 0.012556700325658672
└   phase_change_deg = 0.24418718847590526
┌ Info: finished simulation
│   status = :ok
│   steps = 660
└   elapsed_s = 152.97889304161072
┌ Info: case finished
│   case = 1
│   of = 30
│   gamma = 0.05
│   freqHz = 10.0
│   status = :ok
│   elapsed_s = 155.5854640007019
│   CoM_max_cm = 0.030514824888417398
└   CoM_rms_cm = 0.02931879120764837
┌ Info: case starting
│   case = 2
│   of = 30
│   gamma = 0.2
│   freqHz = 10.0
└   thread = 5
┌ Info: starting simulation
│   diskRadius = 0.2
│   diskMass = 0.0283
│   forceAmplitude = 0.0
│   forceFrequency = 90.0
│   bathAmplitude = 0.04969804057656668
│   bathFrequency = 10.0
│   nr = 2500
│   solverType = :auto
└   startStatic = true
┌ Info: static equilibrium solved
│   z_eq = -0.131982242133607
└   z_eq_cm = -0.026396448426721397
┌ Info: solver path selected
│   requested = :auto
│   resolved = :lu
│   n = 5002
└   stepsPerCycle = 60
┌ Info: simulation progress
│   step = 90
│   of_estimate = 1800
│   percent = 5.0
│   elapsed_s = 159.6
│   eta_s = 3031.8
│   forceFrequency = 90.0
│   bathFrequency = 60.0
│   forceAmplitude = 0.0
└   bathAmplitude = 0.0013805011271268526
┌ Info: simulation progress
│   step = 180
│   of_estimate = 1800
│   percent = 10.0
│   elapsed_s = 161.8
│   eta_s = 1456.6
│   forceFrequency = 90.0
│   bathFrequency = 60.0
│   forceAmplitude = 0.0
└   bathAmplitude = 0.0013805011271268526
┌ Info: simulation progress
│   step = 270
│   of_estimate = 1800
│   percent = 15.0
│   elapsed_s = 164.1
│   eta_s = 929.8
│   forceFrequency = 90.0
│   bathFrequency = 60.0
│   forceAmplitude = 0.0
└   bathAmplitude = 0.0013805011271268526
┌ Info: simulation progress
│   step = 360
│   of_estimate = 1800
│   percent = 20.0
│   elapsed_s = 166.5
│   eta_s = 665.9
│   forceFrequency = 90.0
│   bathFrequency = 60.0
│   forceAmplitude = 0.0
└   bathAmplitude = 0.0013805011271268526
┌ Info: simulation progress
│   step = 450
│   of_estimate = 1800
│   percent = 25.0
│   elapsed_s = 169.2
│   eta_s = 507.6
│   forceFrequency = 90.0
│   bathFrequency = 60.0
│   forceAmplitude = 0.0
└   bathAmplitude = 0.0013805011271268526
┌ Info: simulation progress
│   step = 540
│   of_estimate = 1800
│   percent = 30.0
│   elapsed_s = 171.7
│   eta_s = 400.7
│   forceFrequency = 90.0
│   bathFrequency = 60.0
│   forceAmplitude = 0.0
└   bathAmplitude = 0.0013805011271268526
┌ Info: simulation progress
│   step = 630
│   of_estimate = 1800
│   percent = 35.0
│   elapsed_s = 174.6
│   eta_s = 324.3
│   forceFrequency = 90.0
│   bathFrequency = 60.0
│   forceAmplitude = 0.0
└   bathAmplitude = 0.0013805011271268526
┌ Info: simulation progress
│   step = 90
│   of_estimate = 1800
│   percent = 5.0
│   elapsed_s = 175.7
│   eta_s = 3337.9
│   forceFrequency = 90.0
│   bathFrequency = 30.0
│   forceAmplitude = 0.0
└   bathAmplitude = 0.013805011271268526
┌ Info: simulation progress
│   step = 720
│   of_estimate = 1800
│   percent = 40.0
│   elapsed_s = 177.3
│   eta_s = 266.0
│   forceFrequency = 90.0
│   bathFrequency = 60.0
│   forceAmplitude = 0.0
└   bathAmplitude = 0.0013805011271268526
┌ Info: simulation progress
│   step = 91
│   of_estimate = 1801
│   percent = 5.1
│   elapsed_s = 178.7
│   eta_s = 3358.3
│   forceFrequency = 90.0
│   bathFrequency = 80.0
│   forceAmplitude = 0.0
└   bathAmplitude = 0.0019413297100221358
┌ Info: simulation progress
│   step = 180
│   of_estimate = 1800
│   percent = 10.0
│   elapsed_s = 178.8
│   eta_s = 1609.4
│   forceFrequency = 90.0
│   bathFrequency = 30.0
│   forceAmplitude = 0.0
└   bathAmplitude = 0.013805011271268526
┌ Info: simulation progress
│   step = 810
│   of_estimate = 1800
│   percent = 45.0
│   elapsed_s = 180.0
│   eta_s = 220.0
│   forceFrequency = 90.0
│   bathFrequency = 60.0
│   forceAmplitude = 0.0
└   bathAmplitude = 0.0013805011271268526
┌ Info: simulation progress
│   step = 182
│   of_estimate = 1801
│   percent = 10.1
│   elapsed_s = 181.6
│   eta_s = 1615.4
│   forceFrequency = 90.0
│   bathFrequency = 80.0
│   forceAmplitude = 0.0
└   bathAmplitude = 0.0019413297100221358
┌ Info: simulation progress
│   step = 270
│   of_estimate = 1800
│   percent = 15.0
│   elapsed_s = 181.8
│   eta_s = 1030.3
│   forceFrequency = 90.0
│   bathFrequency = 30.0
│   forceAmplitude = 0.0
└   bathAmplitude = 0.013805011271268526
┌ Info: simulation progress
│   step = 900
│   of_estimate = 1800
│   percent = 50.0
│   elapsed_s = 182.4
│   eta_s = 182.4
│   forceFrequency = 90.0
│   bathFrequency = 60.0
│   forceAmplitude = 0.0
└   bathAmplitude = 0.0013805011271268526
┌ Info: converged
│   step = 900
│   periods = 14.999999999999709
│   amplitude = 0.003278310913487055
│   phase_deg = 138.1449962691994
│   amp_rel_change = 0.015381825370413861
└   phase_change_deg = 0.5996815229040919
┌ Info: finished simulation
│   status = :ok
│   steps = 900
└   elapsed_s = 184.53468894958496
┌ Info: case finished
│   case = 17
│   of = 30
│   gamma = 0.2
│   freqHz = 60.0
│   status = :ok
│   elapsed_s = 186.8258819580078
│   CoM_max_cm = 0.030870941181237628
└   CoM_rms_cm = 0.029290646651235288
┌ Info: case starting
│   case = 18
│   of = 30
│   gamma = 0.5
│   freqHz = 60.0
└   thread = 3
┌ Info: starting simulation
│   diskRadius = 0.2
│   diskMass = 0.0283
│   forceAmplitude = 0.0
│   forceFrequency = 90.0
│   bathAmplitude = 0.0034512528178171314
│   bathFrequency = 60.0
│   nr = 2500
│   solverType = :auto
└   startStatic = true
┌ Info: static equilibrium solved
│   z_eq = -0.131982242133607
└   z_eq_cm = -0.026396448426721397
┌ Info: solver path selected
│   requested = :auto
│   resolved = :lu
│   n = 5002
└   stepsPerCycle = 60
┌ Info: simulation progress
│   step = 360
│   of_estimate = 1800
│   percent = 20.0
│   elapsed_s = 184.4
│   eta_s = 737.7
│   forceFrequency = 90.0
│   bathFrequency = 30.0
│   forceAmplitude = 0.0
└   bathAmplitude = 0.013805011271268526
┌ Info: simulation progress
│   step = 273
│   of_estimate = 1801
│   percent = 15.2
│   elapsed_s = 184.5
│   eta_s = 1032.9
│   forceFrequency = 90.0
│   bathFrequency = 80.0
│   forceAmplitude = 0.0
└   bathAmplitude = 0.0019413297100221358
┌ Info: simulation progress
│   step = 450
│   of_estimate = 1800
│   percent = 25.0
│   elapsed_s = 186.8
│   eta_s = 560.4
│   forceFrequency = 90.0
│   bathFrequency = 30.0
│   forceAmplitude = 0.0
└   bathAmplitude = 0.013805011271268526
┌ Info: simulation progress
│   step = 364
│   of_estimate = 1801
│   percent = 20.2
│   elapsed_s = 187.1
│   eta_s = 738.6
│   forceFrequency = 90.0
│   bathFrequency = 80.0
│   forceAmplitude = 0.0
└   bathAmplitude = 0.0019413297100221358
┌ Info: simulation progress
│   step = 540
│   of_estimate = 1800
│   percent = 30.0
│   elapsed_s = 189.7
│   eta_s = 442.7
│   forceFrequency = 90.0
│   bathFrequency = 30.0
│   forceAmplitude = 0.0
└   bathAmplitude = 0.013805011271268526
┌ Info: simulation progress
│   step = 455
│   of_estimate = 1801
│   percent = 25.3
│   elapsed_s = 189.8
│   eta_s = 561.6
│   forceFrequency = 90.0
│   bathFrequency = 80.0
│   forceAmplitude = 0.0
└   bathAmplitude = 0.0019413297100221358
┌ Info: simulation progress
│   step = 630
│   of_estimate = 1800
│   percent = 35.0
│   elapsed_s = 193.5
│   eta_s = 359.4
│   forceFrequency = 90.0
│   bathFrequency = 30.0
│   forceAmplitude = 0.0
└   bathAmplitude = 0.013805011271268526
┌ Info: simulation progress
│   step = 546
│   of_estimate = 1801
│   percent = 30.3
│   elapsed_s = 193.6
│   eta_s = 444.9
│   forceFrequency = 90.0
│   bathFrequency = 80.0
│   forceAmplitude = 0.0
└   bathAmplitude = 0.0019413297100221358
┌ Info: converged
│   step = 660
│   periods = 10.999999999999867
│   amplitude = 0.02449284466093437
│   phase_deg = 170.23156351394687
│   amp_rel_change = 0.005693935109347535
└   phase_change_deg = 0.8387205714571166
┌ Info: finished simulation
│   status = :ok
│   steps = 660
└   elapsed_s = 196.35343503952026
┌ Info: case finished
│   case = 9
│   of = 30
│   gamma = 0.5
│   freqHz = 30.0
│   status = :ok
│   elapsed_s = 198.65320587158203
│   CoM_max_cm = 0.03573031015430061
└   CoM_rms_cm = 0.029759121464901547
┌ Info: case starting
│   case = 10
│   of = 30
│   gamma = 0.05
│   freqHz = 40.0
└   thread = 4
┌ Info: starting simulation
│   diskRadius = 0.2
│   diskMass = 0.0283
│   forceAmplitude = 0.0
│   forceFrequency = 90.0
│   bathAmplitude = 0.0007765318840088544
│   bathFrequency = 40.0
│   nr = 2500
│   solverType = :auto
└   startStatic = true
┌ Info: static equilibrium solved
│   z_eq = -0.131982242133607
└   z_eq_cm = -0.026396448426721397
┌ Info: solver path selected
│   requested = :auto
│   resolved = :lu
│   n = 5002
└   stepsPerCycle = 60
┌ Info: simulation progress
│   step = 637
│   of_estimate = 1801
│   percent = 35.4
│   elapsed_s = 196.4
│   eta_s = 358.9
│   forceFrequency = 90.0
│   bathFrequency = 80.0
│   forceAmplitude = 0.0
└   bathAmplitude = 0.0019413297100221358
┌ Info: converged
│   step = 720
│   periods = 11.999999999999961
│   amplitude = 0.004947869035376541
│   phase_deg = 129.08530087187697
│   amp_rel_change = 0.016099122421468184
└   phase_change_deg = 1.4666288643126677
┌ Info: finished simulation
│   status = :ok
│   steps = 720
└   elapsed_s = 201.45091104507446
┌ Info: case finished
│   case = 24
│   of = 30
│   gamma = 0.5
│   freqHz = 80.0
│   status = :ok
│   elapsed_s = 203.30407691001892
│   CoM_max_cm = 0.03131720617529221
└   CoM_rms_cm = 0.029328669092068126
┌ Info: case starting
│   case = 25
│   of = 30
│   gamma = 0.05
│   freqHz = 90.0
└   thread = 2
┌ Info: starting simulation
│   diskRadius = 0.2
│   diskMass = 0.0283
│   forceAmplitude = 0.0
│   forceFrequency = 90.0
│   bathAmplitude = 0.0001533890141252058
│   bathFrequency = 90.0
│   nr = 2500
│   solverType = :auto
└   startStatic = true
┌ Info: static equilibrium solved
│   z_eq = -0.131982242133607
└   z_eq_cm = -0.026396448426721397
┌ Info: solver path selected
│   requested = :auto
│   resolved = :lu
│   n = 5002
└   stepsPerCycle = 60
┌ Info: simulation progress
│   step = 91
│   of_estimate = 1801
│   percent = 5.1
│   elapsed_s = 146.2
│   eta_s = 2746.8
│   forceFrequency = 90.0
│   bathFrequency = 10.0
│   forceAmplitude = 0.0
└   bathAmplitude = 0.04969804057656668
┌ Info: simulation progress
│   step = 182
│   of_estimate = 1801
│   percent = 10.1
│   elapsed_s = 148.7
│   eta_s = 1323.0
│   forceFrequency = 90.0
│   bathFrequency = 10.0
│   forceAmplitude = 0.0
└   bathAmplitude = 0.04969804057656668
┌ Info: simulation progress
│   step = 273
│   of_estimate = 1801
│   percent = 15.2
│   elapsed_s = 150.8
│   eta_s = 843.9
│   forceFrequency = 90.0
│   bathFrequency = 10.0
│   forceAmplitude = 0.0
└   bathAmplitude = 0.04969804057656668
┌ Info: simulation progress
│   step = 364
│   of_estimate = 1801
│   percent = 20.2
│   elapsed_s = 152.7
│   eta_s = 602.9
│   forceFrequency = 90.0
│   bathFrequency = 10.0
│   forceAmplitude = 0.0
└   bathAmplitude = 0.04969804057656668
┌ Info: simulation progress
│   step = 455
│   of_estimate = 1801
│   percent = 25.3
│   elapsed_s = 154.6
│   eta_s = 457.4
│   forceFrequency = 90.0
│   bathFrequency = 10.0
│   forceAmplitude = 0.0
└   bathAmplitude = 0.04969804057656668
┌ Info: simulation progress
│   step = 546
│   of_estimate = 1801
│   percent = 30.3
│   elapsed_s = 157.3
│   eta_s = 361.5
│   forceFrequency = 90.0
│   bathFrequency = 10.0
│   forceAmplitude = 0.0
└   bathAmplitude = 0.04969804057656668
┌ Info: simulation progress
│   step = 637
│   of_estimate = 1801
│   percent = 35.4
│   elapsed_s = 159.4
│   eta_s = 291.2
│   forceFrequency = 90.0
│   bathFrequency = 10.0
│   forceAmplitude = 0.0
└   bathAmplitude = 0.04969804057656668
┌ Info: converged
│   step = 660
│   periods = 11.0
│   amplitude = 0.021852268093700094
│   phase_deg = -119.79187638291224
│   amp_rel_change = 0.0036723897982644106
└   phase_change_deg = 0.14096225382186844
┌ Info: finished simulation
│   status = :ok
│   steps = 660
└   elapsed_s = 162.82181596755981
┌ Info: case finished
│   case = 2
│   of = 30
│   gamma = 0.2
│   freqHz = 10.0
│   status = :ok
│   elapsed_s = 162.84781217575073
│   CoM_max_cm = 0.033661365854675794
└   CoM_rms_cm = 0.02945521121979855
┌ Info: case starting
│   case = 3
│   of = 30
│   gamma = 0.5
│   freqHz = 10.0
└   thread = 5
┌ Info: starting simulation
│   diskRadius = 0.2
│   diskMass = 0.0283
│   forceAmplitude = 0.0
│   forceFrequency = 90.0
│   bathAmplitude = 0.12424510144141669
│   bathFrequency = 10.0
│   nr = 2500
│   solverType = :auto
└   startStatic = true
┌ Info: static equilibrium solved
│   z_eq = -0.131982242133607
└   z_eq_cm = -0.026396448426721397
┌ Info: solver path selected
│   requested = :auto
│   resolved = :lu
│   n = 5002
└   stepsPerCycle = 60
┌ Info: simulation progress
│   step = 91
│   of_estimate = 1801
│   percent = 5.1
│   elapsed_s = 122.5
│   eta_s = 2302.1
│   forceFrequency = 90.0
│   bathFrequency = 40.0
│   forceAmplitude = 0.0
└   bathAmplitude = 0.0007765318840088544
┌ Info: simulation progress
│   step = 182
│   of_estimate = 1801
│   percent = 10.1
│   elapsed_s = 124.6
│   eta_s = 1108.7
│   forceFrequency = 90.0
│   bathFrequency = 40.0
│   forceAmplitude = 0.0
└   bathAmplitude = 0.0007765318840088544
┌ Info: simulation progress
│   step = 273
│   of_estimate = 1801
│   percent = 15.2
│   elapsed_s = 126.4
│   eta_s = 707.7
│   forceFrequency = 90.0
│   bathFrequency = 40.0
│   forceAmplitude = 0.0
└   bathAmplitude = 0.0007765318840088544
┌ Info: simulation progress
│   step = 364
│   of_estimate = 1801
│   percent = 20.2
│   elapsed_s = 129.1
│   eta_s = 509.8
│   forceFrequency = 90.0
│   bathFrequency = 40.0
│   forceAmplitude = 0.0
└   bathAmplitude = 0.0007765318840088544
┌ Info: simulation progress
│   step = 90
│   of_estimate = 1800
│   percent = 5.0
│   elapsed_s = 123.1
│   eta_s = 2338.5
│   forceFrequency = 90.0
│   bathFrequency = 90.0
│   forceAmplitude = 0.0
└   bathAmplitude = 0.0001533890141252058
┌ Info: simulation progress
│   step = 455
│   of_estimate = 1801
│   percent = 25.3
│   elapsed_s = 131.0
│   eta_s = 387.7
│   forceFrequency = 90.0
│   bathFrequency = 40.0
│   forceAmplitude = 0.0
└   bathAmplitude = 0.0007765318840088544
┌ Info: simulation progress
│   step = 180
│   of_estimate = 1800
│   percent = 10.0
│   elapsed_s = 126.5
│   eta_s = 1138.9
│   forceFrequency = 90.0
│   bathFrequency = 90.0
│   forceAmplitude = 0.0
└   bathAmplitude = 0.0001533890141252058
┌ Info: simulation progress
│   step = 546
│   of_estimate = 1801
│   percent = 30.3
│   elapsed_s = 133.4
│   eta_s = 306.7
│   forceFrequency = 90.0
│   bathFrequency = 40.0
│   forceAmplitude = 0.0
└   bathAmplitude = 0.0007765318840088544
┌ Info: simulation progress
│   step = 637
│   of_estimate = 1801
│   percent = 35.4
│   elapsed_s = 135.8
│   eta_s = 248.1
│   forceFrequency = 90.0
│   bathFrequency = 40.0
│   forceAmplitude = 0.0
└   bathAmplitude = 0.0007765318840088544
┌ Info: simulation progress
│   step = 270
│   of_estimate = 1800
│   percent = 15.0
│   elapsed_s = 129.3
│   eta_s = 732.7
│   forceFrequency = 90.0
│   bathFrequency = 90.0
│   forceAmplitude = 0.0
└   bathAmplitude = 0.0001533890141252058
┌ Info: simulation progress
│   step = 360
│   of_estimate = 1800
│   percent = 20.0
│   elapsed_s = 131.9
│   eta_s = 527.4
│   forceFrequency = 90.0
│   bathFrequency = 90.0
│   forceAmplitude = 0.0
└   bathAmplitude = 0.0001533890141252058
┌ Info: simulation progress
│   step = 728
│   of_estimate = 1801
│   percent = 40.4
│   elapsed_s = 138.7
│   eta_s = 204.5
│   forceFrequency = 90.0
│   bathFrequency = 40.0
│   forceAmplitude = 0.0
└   bathAmplitude = 0.0007765318840088544
┌ Info: simulation progress
│   step = 450
│   of_estimate = 1800
│   percent = 25.0
│   elapsed_s = 133.8
│   eta_s = 401.3
│   forceFrequency = 90.0
│   bathFrequency = 90.0
│   forceAmplitude = 0.0
└   bathAmplitude = 0.0001533890141252058
┌ Info: simulation progress
│   step = 819
│   of_estimate = 1801
│   percent = 45.5
│   elapsed_s = 141.1
│   eta_s = 169.2
│   forceFrequency = 90.0
│   bathFrequency = 40.0
│   forceAmplitude = 0.0
└   bathAmplitude = 0.0007765318840088544
┌ Info: converged
│   step = 840
│   periods = 13.999999999999883
│   amplitude = 0.0016115447196823078
│   phase_deg = 154.64381771140492
│   amp_rel_change = 0.0053248051996371394
└   phase_change_deg = 0.1594038903157582
┌ Info: finished simulation
│   status = :ok
│   steps = 840
└   elapsed_s = 143.16363501548767
┌ Info: case finished
│   case = 10
│   of = 30
│   gamma = 0.05
│   freqHz = 40.0
│   status = :ok
│   elapsed_s = 143.17575001716614
│   CoM_max_cm = 0.030447478759137156
└   CoM_rms_cm = 0.02928030797193925
┌ Info: case starting
│   case = 11
│   of = 30
│   gamma = 0.2
│   freqHz = 40.0
└   thread = 4
┌ Info: starting simulation
│   diskRadius = 0.2
│   diskMass = 0.0283
│   forceAmplitude = 0.0
│   forceFrequency = 90.0
│   bathAmplitude = 0.0031061275360354176
│   bathFrequency = 40.0
│   nr = 2500
│   solverType = :auto
└   startStatic = true
┌ Info: static equilibrium solved
│   z_eq = -0.131982242133607
└   z_eq_cm = -0.026396448426721397
┌ Info: solver path selected
│   requested = :auto
│   resolved = :lu
│   n = 5002
└   stepsPerCycle = 60
┌ Info: simulation progress
│   step = 540
│   of_estimate = 1800
│   percent = 30.0
│   elapsed_s = 137.1
│   eta_s = 319.8
│   forceFrequency = 90.0
│   bathFrequency = 90.0
│   forceAmplitude = 0.0
└   bathAmplitude = 0.0001533890141252058
┌ Info: simulation progress
│   step = 630
│   of_estimate = 1800
│   percent = 35.0
│   elapsed_s = 139.4
│   eta_s = 258.9
│   forceFrequency = 90.0
│   bathFrequency = 90.0
│   forceAmplitude = 0.0
└   bathAmplitude = 0.0001533890141252058
┌ Info: simulation progress
│   step = 720
│   of_estimate = 1800
│   percent = 40.0
│   elapsed_s = 143.3
│   eta_s = 215.0
│   forceFrequency = 90.0
│   bathFrequency = 90.0
│   forceAmplitude = 0.0
└   bathAmplitude = 0.0001533890141252058
┌ Info: simulation progress
│   step = 810
│   of_estimate = 1800
│   percent = 45.0
│   elapsed_s = 145.1
│   eta_s = 177.4
│   forceFrequency = 90.0
│   bathFrequency = 90.0
│   forceAmplitude = 0.0
└   bathAmplitude = 0.0001533890141252058
┌ Info: simulation progress
│   step = 90
│   of_estimate = 1800
│   percent = 5.0
│   elapsed_s = 164.9
│   eta_s = 3133.5
│   forceFrequency = 90.0
│   bathFrequency = 60.0
│   forceAmplitude = 0.0
└   bathAmplitude = 0.0034512528178171314
┌ Info: simulation progress
│   step = 900
│   of_estimate = 1800
│   percent = 50.0
│   elapsed_s = 147.4
│   eta_s = 147.4
│   forceFrequency = 90.0
│   bathFrequency = 90.0
│   forceAmplitude = 0.0
└   bathAmplitude = 0.0001533890141252058
┌ Info: simulation progress
│   step = 990
│   of_estimate = 1800
│   percent = 55.0
│   elapsed_s = 149.4
│   eta_s = 122.3
│   forceFrequency = 90.0
│   bathFrequency = 90.0
│   forceAmplitude = 0.0
└   bathAmplitude = 0.0001533890141252058
┌ Info: simulation progress
│   step = 180
│   of_estimate = 1800
│   percent = 10.0
│   elapsed_s = 168.7
│   eta_s = 1518.3
│   forceFrequency = 90.0
│   bathFrequency = 60.0
│   forceAmplitude = 0.0
└   bathAmplitude = 0.0034512528178171314
┌ Info: simulation progress
│   step = 1080
│   of_estimate = 1800
│   percent = 60.0
│   elapsed_s = 151.7
│   eta_s = 101.1
│   forceFrequency = 90.0
│   bathFrequency = 90.0
│   forceAmplitude = 0.0
└   bathAmplitude = 0.0001533890141252058
┌ Info: simulation progress
│   step = 270
│   of_estimate = 1800
│   percent = 15.0
│   elapsed_s = 170.8
│   eta_s = 968.1
│   forceFrequency = 90.0
│   bathFrequency = 60.0
│   forceAmplitude = 0.0
└   bathAmplitude = 0.0034512528178171314
┌ Info: simulation progress
│   step = 1170
│   of_estimate = 1800
│   percent = 65.0
│   elapsed_s = 153.8
│   eta_s = 82.8
│   forceFrequency = 90.0
│   bathFrequency = 90.0
│   forceAmplitude = 0.0
└   bathAmplitude = 0.0001533890141252058
┌ Info: converged
│   step = 1200
│   periods = 20.000000000000103
│   amplitude = 0.000388188161179621
│   phase_deg = 127.13959008639533
│   amp_rel_change = 0.01142176247781834
└   phase_change_deg = 0.020219585985898902
┌ Info: finished simulation
│   status = :ok
│   steps = 1200
└   elapsed_s = 157.71212196350098
┌ Info: case finished
│   case = 25
│   of = 30
│   gamma = 0.05
│   freqHz = 90.0
│   status = :ok
│   elapsed_s = 157.73185276985168
│   CoM_max_cm = 0.03027367868400585
└   CoM_rms_cm = 0.02925806071566789
┌ Info: case starting
│   case = 26
│   of = 30
│   gamma = 0.2
│   freqHz = 90.0
└   thread = 2
┌ Info: simulation progress
│   step = 360
│   of_estimate = 1800
│   percent = 20.0
│   elapsed_s = 173.3
│   eta_s = 693.0
│   forceFrequency = 90.0
│   bathFrequency = 60.0
│   forceAmplitude = 0.0
└   bathAmplitude = 0.0034512528178171314
┌ Info: starting simulation
│   diskRadius = 0.2
│   diskMass = 0.0283
│   forceAmplitude = 0.0
│   forceFrequency = 90.0
│   bathAmplitude = 0.0006135560565008232
│   bathFrequency = 90.0
│   nr = 2500
│   solverType = :auto
└   startStatic = true
┌ Info: static equilibrium solved
│   z_eq = -0.131982242133607
└   z_eq_cm = -0.026396448426721397
┌ Info: solver path selected
│   requested = :auto
│   resolved = :lu
│   n = 5002
└   stepsPerCycle = 60
┌ Info: simulation progress
│   step = 450
│   of_estimate = 1800
│   percent = 25.0
│   elapsed_s = 175.6
│   eta_s = 526.7
│   forceFrequency = 90.0
│   bathFrequency = 60.0
│   forceAmplitude = 0.0
└   bathAmplitude = 0.0034512528178171314
┌ Info: simulation progress
│   step = 540
│   of_estimate = 1800
│   percent = 30.0
│   elapsed_s = 178.8
│   eta_s = 417.3
│   forceFrequency = 90.0
│   bathFrequency = 60.0
│   forceAmplitude = 0.0
└   bathAmplitude = 0.0034512528178171314
┌ Info: simulation progress
│   step = 630
│   of_estimate = 1800
│   percent = 35.0
│   elapsed_s = 181.5
│   eta_s = 337.0
│   forceFrequency = 90.0
│   bathFrequency = 60.0
│   forceAmplitude = 0.0
└   bathAmplitude = 0.0034512528178171314
┌ Info: simulation progress
│   step = 720
│   of_estimate = 1800
│   percent = 40.0
│   elapsed_s = 184.2
│   eta_s = 276.4
│   forceFrequency = 90.0
│   bathFrequency = 60.0
│   forceAmplitude = 0.0
└   bathAmplitude = 0.0034512528178171314
┌ Info: simulation progress
│   step = 810
│   of_estimate = 1800
│   percent = 45.0
│   elapsed_s = 186.1
│   eta_s = 227.5
│   forceFrequency = 90.0
│   bathFrequency = 60.0
│   forceAmplitude = 0.0
└   bathAmplitude = 0.0034512528178171314
┌ Info: converged
│   step = 840
│   periods = 13.999999999999748
│   amplitude = 0.008194911354379896
│   phase_deg = 138.14321700010285
│   amp_rel_change = 0.015564479796733326
└   phase_change_deg = 0.6209649839363749
┌ Info: finished simulation
│   status = :ok
│   steps = 840
└   elapsed_s = 188.34490203857422
┌ Info: case finished
│   case = 18
│   of = 30
│   gamma = 0.5
│   freqHz = 60.0
│   status = :ok
│   elapsed_s = 188.36915516853333
│   CoM_max_cm = 0.032102629563838816
└   CoM_rms_cm = 0.029381613802466195
┌ Info: case starting
│   case = 19
│   of = 30
│   gamma = 0.05
│   freqHz = 70.0
└   thread = 3
┌ Info: starting simulation
│   diskRadius = 0.2
│   diskMass = 0.0283
│   forceAmplitude = 0.0
│   forceFrequency = 90.0
│   bathAmplitude = 0.00025356143151309535
│   bathFrequency = 70.0
│   nr = 2500
│   solverType = :auto
└   startStatic = true
┌ Info: static equilibrium solved
│   z_eq = -0.131982242133607
└   z_eq_cm = -0.026396448426721397
┌ Info: solver path selected
│   requested = :auto
│   resolved = :lu
│   n = 5002
└   stepsPerCycle = 60
┌ Info: simulation progress
│   step = 91
│   of_estimate = 1801
│   percent = 5.1
│   elapsed_s = 173.4
│   eta_s = 3259.1
│   forceFrequency = 90.0
│   bathFrequency = 10.0
│   forceAmplitude = 0.0
└   bathAmplitude = 0.12424510144141669
┌ Info: simulation progress
│   step = 182
│   of_estimate = 1801
│   percent = 10.1
│   elapsed_s = 176.6
│   eta_s = 1570.8
│   forceFrequency = 90.0
│   bathFrequency = 10.0
│   forceAmplitude = 0.0
└   bathAmplitude = 0.12424510144141669
┌ Info: simulation progress
│   step = 273
│   of_estimate = 1801
│   percent = 15.2
│   elapsed_s = 179.2
│   eta_s = 1002.8
│   forceFrequency = 90.0
│   bathFrequency = 10.0
│   forceAmplitude = 0.0
└   bathAmplitude = 0.12424510144141669
┌ Info: simulation progress
│   step = 90
│   of_estimate = 1800
│   percent = 5.0
│   elapsed_s = 138.1
│   eta_s = 2623.6
│   forceFrequency = 90.0
│   bathFrequency = 90.0
│   forceAmplitude = 0.0
└   bathAmplitude = 0.0006135560565008232
┌ Info: simulation progress
│   step = 91
│   of_estimate = 1801
│   percent = 5.1
│   elapsed_s = 158.5
│   eta_s = 2978.2
│   forceFrequency = 90.0
│   bathFrequency = 40.0
│   forceAmplitude = 0.0
└   bathAmplitude = 0.0031061275360354176
┌ Info: simulation progress
│   step = 364
│   of_estimate = 1801
│   percent = 20.2
│   elapsed_s = 181.4
│   eta_s = 716.3
│   forceFrequency = 90.0
│   bathFrequency = 10.0
│   forceAmplitude = 0.0
└   bathAmplitude = 0.12424510144141669
┌ Info: simulation progress
│   step = 180
│   of_estimate = 1800
│   percent = 10.0
│   elapsed_s = 140.8
│   eta_s = 1267.5
│   forceFrequency = 90.0
│   bathFrequency = 90.0
│   forceAmplitude = 0.0
└   bathAmplitude = 0.0006135560565008232
┌ Info: simulation progress
│   step = 182
│   of_estimate = 1801
│   percent = 10.1
│   elapsed_s = 161.4
│   eta_s = 1435.6
│   forceFrequency = 90.0
│   bathFrequency = 40.0
│   forceAmplitude = 0.0
└   bathAmplitude = 0.0031061275360354176
┌ Info: simulation progress
│   step = 90
│   of_estimate = 1800
│   percent = 5.0
│   elapsed_s = 128.6
│   eta_s = 2443.5
│   forceFrequency = 90.0
│   bathFrequency = 70.0
│   forceAmplitude = 0.0
└   bathAmplitude = 0.00025356143151309535
┌ Info: simulation progress
│   step = 455
│   of_estimate = 1801
│   percent = 25.3
│   elapsed_s = 183.5
│   eta_s = 542.8
│   forceFrequency = 90.0
│   bathFrequency = 10.0
│   forceAmplitude = 0.0
└   bathAmplitude = 0.12424510144141669
┌ Info: simulation progress
│   step = 270
│   of_estimate = 1800
│   percent = 15.0
│   elapsed_s = 142.7
│   eta_s = 808.7
│   forceFrequency = 90.0
│   bathFrequency = 90.0
│   forceAmplitude = 0.0
└   bathAmplitude = 0.0006135560565008232
┌ Info: simulation progress
│   step = 273
│   of_estimate = 1801
│   percent = 15.2
│   elapsed_s = 163.3
│   eta_s = 913.8
│   forceFrequency = 90.0
│   bathFrequency = 40.0
│   forceAmplitude = 0.0
└   bathAmplitude = 0.0031061275360354176
┌ Info: simulation progress
│   step = 180
│   of_estimate = 1800
│   percent = 10.0
│   elapsed_s = 130.9
│   eta_s = 1178.4
│   forceFrequency = 90.0
│   bathFrequency = 70.0
│   forceAmplitude = 0.0
└   bathAmplitude = 0.00025356143151309535
┌ Info: simulation progress
│   step = 546
│   of_estimate = 1801
│   percent = 30.3
│   elapsed_s = 185.6
│   eta_s = 426.5
│   forceFrequency = 90.0
│   bathFrequency = 10.0
│   forceAmplitude = 0.0
└   bathAmplitude = 0.12424510144141669
┌ Info: simulation progress
│   step = 360
│   of_estimate = 1800
│   percent = 20.0
│   elapsed_s = 144.8
│   eta_s = 579.1
│   forceFrequency = 90.0
│   bathFrequency = 90.0
│   forceAmplitude = 0.0
└   bathAmplitude = 0.0006135560565008232
┌ Info: simulation progress
│   step = 364
│   of_estimate = 1801
│   percent = 20.2
│   elapsed_s = 165.2
│   eta_s = 652.3
│   forceFrequency = 90.0
│   bathFrequency = 40.0
│   forceAmplitude = 0.0
└   bathAmplitude = 0.0031061275360354176
┌ Info: simulation progress
│   step = 270
│   of_estimate = 1800
│   percent = 15.0
│   elapsed_s = 132.9
│   eta_s = 753.2
│   forceFrequency = 90.0
│   bathFrequency = 70.0
│   forceAmplitude = 0.0
└   bathAmplitude = 0.00025356143151309535
┌ Info: simulation progress
│   step = 637
│   of_estimate = 1801
│   percent = 35.4
│   elapsed_s = 187.5
│   eta_s = 342.6
│   forceFrequency = 90.0
│   bathFrequency = 10.0
│   forceAmplitude = 0.0
└   bathAmplitude = 0.12424510144141669
┌ Info: simulation progress
│   step = 450
│   of_estimate = 1800
│   percent = 25.0
│   elapsed_s = 146.6
│   eta_s = 439.9
│   forceFrequency = 90.0
│   bathFrequency = 90.0
│   forceAmplitude = 0.0
└   bathAmplitude = 0.0006135560565008232
┌ Info: converged
│   step = 660
│   periods = 11.0
│   amplitude = 0.05681737320904706
│   phase_deg = -118.49620689927723
│   amp_rel_change = 0.0026174550527108464
└   phase_change_deg = 0.5355975160017579
┌ Info: finished simulation
│   status = :ok
│   steps = 660
└   elapsed_s = 190.1826069355011
┌ Info: case finished
│   case = 3
│   of = 30
│   gamma = 0.5
│   freqHz = 10.0
│   status = :ok
│   elapsed_s = 190.2172839641571
│   CoM_max_cm = 0.04062959346921874
└   CoM_rms_cm = 0.030063532464621942
┌ Info: case starting
│   case = 4
│   of = 30
│   gamma = 0.05
│   freqHz = 20.0
└   thread = 5
┌ Info: simulation progress
│   step = 455
│   of_estimate = 1801
│   percent = 25.3
│   elapsed_s = 167.0
│   eta_s = 494.1
│   forceFrequency = 90.0
│   bathFrequency = 40.0
│   forceAmplitude = 0.0
└   bathAmplitude = 0.0031061275360354176
┌ Info: starting simulation
│   diskRadius = 0.2
│   diskMass = 0.0283
│   forceAmplitude = 0.0
│   forceFrequency = 90.0
│   bathAmplitude = 0.0031061275360354176
│   bathFrequency = 20.0
│   nr = 2500
│   solverType = :auto
└   startStatic = true
┌ Info: static equilibrium solved
│   z_eq = -0.131982242133607
└   z_eq_cm = -0.026396448426721397
┌ Info: solver path selected
│   requested = :auto
│   resolved = :lu
│   n = 5002
└   stepsPerCycle = 60
┌ Info: simulation progress
│   step = 540
│   of_estimate = 1800
│   percent = 30.0
│   elapsed_s = 149.5
│   eta_s = 348.9
│   forceFrequency = 90.0
│   bathFrequency = 90.0
│   forceAmplitude = 0.0
└   bathAmplitude = 0.0006135560565008232
┌ Info: simulation progress
│   step = 546
│   of_estimate = 1801
│   percent = 30.3
│   elapsed_s = 169.8
│   eta_s = 390.4
│   forceFrequency = 90.0
│   bathFrequency = 40.0
│   forceAmplitude = 0.0
└   bathAmplitude = 0.0031061275360354176
┌ Info: simulation progress
│   step = 360
│   of_estimate = 1800
│   percent = 20.0
│   elapsed_s = 136.8
│   eta_s = 547.3
│   forceFrequency = 90.0
│   bathFrequency = 70.0
│   forceAmplitude = 0.0
└   bathAmplitude = 0.00025356143151309535
┌ Info: simulation progress
│   step = 630
│   of_estimate = 1800
│   percent = 35.0
│   elapsed_s = 151.4
│   eta_s = 281.2
│   forceFrequency = 90.0
│   bathFrequency = 90.0
│   forceAmplitude = 0.0
└   bathAmplitude = 0.0006135560565008232
┌ Info: simulation progress
│   step = 637
│   of_estimate = 1801
│   percent = 35.4
│   elapsed_s = 172.1
│   eta_s = 314.4
│   forceFrequency = 90.0
│   bathFrequency = 40.0
│   forceAmplitude = 0.0
└   bathAmplitude = 0.0031061275360354176
┌ Info: simulation progress
│   step = 450
│   of_estimate = 1800
│   percent = 25.0
│   elapsed_s = 139.1
│   eta_s = 417.2
│   forceFrequency = 90.0
│   bathFrequency = 70.0
│   forceAmplitude = 0.0
└   bathAmplitude = 0.00025356143151309535
┌ Info: converged
│   step = 660
│   periods = 11.0
│   amplitude = 0.0064422732085489594
│   phase_deg = 154.75443545122508
│   amp_rel_change = 0.00109245097459301
└   phase_change_deg = 1.9508878908436884
┌ Info: finished simulation
│   status = :ok
│   steps = 660
└   elapsed_s = 173.50656294822693
┌ Info: case finished
│   case = 11
│   of = 30
│   gamma = 0.2
│   freqHz = 40.0
│   status = :ok
│   elapsed_s = 173.52492213249207
│   CoM_max_cm = 0.031446069096474266
└   CoM_rms_cm = 0.029323497539279667
┌ Info: case starting
│   case = 12
│   of = 30
│   gamma = 0.5
│   freqHz = 40.0
└   thread = 4
┌ Info: starting simulation
│   diskRadius = 0.2
│   diskMass = 0.0283
│   forceAmplitude = 0.0
│   forceFrequency = 90.0
│   bathAmplitude = 0.007765318840088543
│   bathFrequency = 40.0
│   nr = 2500
│   solverType = :auto
└   startStatic = true
┌ Info: static equilibrium solved
│   z_eq = -0.131982242133607
└   z_eq_cm = -0.026396448426721397
┌ Info: solver path selected
│   requested = :auto
│   resolved = :lu
│   n = 5002
└   stepsPerCycle = 60
┌ Info: simulation progress
│   step = 720
│   of_estimate = 1800
│   percent = 40.0
│   elapsed_s = 154.4
│   eta_s = 231.6
│   forceFrequency = 90.0
│   bathFrequency = 90.0
│   forceAmplitude = 0.0
└   bathAmplitude = 0.0006135560565008232
┌ Info: simulation progress
│   step = 540
│   of_estimate = 1800
│   percent = 30.0
│   elapsed_s = 141.7
│   eta_s = 330.5
│   forceFrequency = 90.0
│   bathFrequency = 70.0
│   forceAmplitude = 0.0
└   bathAmplitude = 0.00025356143151309535
┌ Info: simulation progress
│   step = 810
│   of_estimate = 1800
│   percent = 45.0
│   elapsed_s = 156.6
│   eta_s = 191.4
│   forceFrequency = 90.0
│   bathFrequency = 90.0
│   forceAmplitude = 0.0
└   bathAmplitude = 0.0006135560565008232
┌ Info: simulation progress
│   step = 630
│   of_estimate = 1800
│   percent = 35.0
│   elapsed_s = 143.8
│   eta_s = 267.1
│   forceFrequency = 90.0
│   bathFrequency = 70.0
│   forceAmplitude = 0.0
└   bathAmplitude = 0.00025356143151309535
┌ Info: simulation progress
│   step = 900
│   of_estimate = 1800
│   percent = 50.0
│   elapsed_s = 158.8
│   eta_s = 158.8
│   forceFrequency = 90.0
│   bathFrequency = 90.0
│   forceAmplitude = 0.0
└   bathAmplitude = 0.0006135560565008232
┌ Info: simulation progress
│   step = 720
│   of_estimate = 1800
│   percent = 40.0
│   elapsed_s = 146.3
│   eta_s = 219.4
│   forceFrequency = 90.0
│   bathFrequency = 70.0
│   forceAmplitude = 0.0
└   bathAmplitude = 0.00025356143151309535
┌ Info: simulation progress
│   step = 990
│   of_estimate = 1800
│   percent = 55.0
│   elapsed_s = 160.7
│   eta_s = 131.5
│   forceFrequency = 90.0
│   bathFrequency = 90.0
│   forceAmplitude = 0.0
└   bathAmplitude = 0.0006135560565008232
┌ Info: simulation progress
│   step = 810
│   of_estimate = 1800
│   percent = 45.0
│   elapsed_s = 149.3
│   eta_s = 182.5
│   forceFrequency = 90.0
│   bathFrequency = 70.0
│   forceAmplitude = 0.0
└   bathAmplitude = 0.00025356143151309535
┌ Info: simulation progress
│   step = 1080
│   of_estimate = 1800
│   percent = 60.0
│   elapsed_s = 163.3
│   eta_s = 108.9
│   forceFrequency = 90.0
│   bathFrequency = 90.0
│   forceAmplitude = 0.0
└   bathAmplitude = 0.0006135560565008232
┌ Info: converged
│   step = 1140
│   periods = 19.0000000000001
│   amplitude = 0.0015763508648944536
│   phase_deg = 126.50669734780885
│   amp_rel_change = 0.013291377970557466
└   phase_change_deg = 0.40693414732726296
┌ Info: finished simulation
│   status = :ok
│   steps = 1140
└   elapsed_s = 166.19260597229004
┌ Info: case finished
│   case = 26
│   of = 30
│   gamma = 0.2
│   freqHz = 90.0
│   status = :ok
│   elapsed_s = 166.2187340259552
│   CoM_max_cm = 0.030521733489703308
└   CoM_rms_cm = 0.029271011826278656
┌ Info: case starting
│   case = 27
│   of = 30
│   gamma = 0.5
│   freqHz = 90.0
└   thread = 2
┌ Info: simulation progress
│   step = 900
│   of_estimate = 1800
│   percent = 50.0
│   elapsed_s = 152.1
│   eta_s = 152.1
│   forceFrequency = 90.0
│   bathFrequency = 70.0
│   forceAmplitude = 0.0
└   bathAmplitude = 0.00025356143151309535
┌ Info: starting simulation
│   diskRadius = 0.2
│   diskMass = 0.0283
│   forceAmplitude = 0.0
│   forceFrequency = 90.0
│   bathAmplitude = 0.001533890141252058
│   bathFrequency = 90.0
│   nr = 2500
│   solverType = :auto
└   startStatic = true
┌ Info: static equilibrium solved
│   z_eq = -0.131982242133607
└   z_eq_cm = -0.026396448426721397
┌ Info: solver path selected
│   requested = :auto
│   resolved = :lu
│   n = 5002
└   stepsPerCycle = 60
┌ Info: simulation progress
│   step = 990
│   of_estimate = 1800
│   percent = 55.0
│   elapsed_s = 156.8
│   eta_s = 128.3
│   forceFrequency = 90.0
│   bathFrequency = 70.0
│   forceAmplitude = 0.0
└   bathAmplitude = 0.00025356143151309535
┌ Info: simulation progress
│   step = 1080
│   of_estimate = 1800
│   percent = 60.0
│   elapsed_s = 159.6
│   eta_s = 106.4
│   forceFrequency = 90.0
│   bathFrequency = 70.0
│   forceAmplitude = 0.0
└   bathAmplitude = 0.00025356143151309535
┌ Info: converged
│   step = 1080
│   periods = 17.999999999999677
│   amplitude = 0.0006217269075285527
│   phase_deg = 133.29706797178224
│   amp_rel_change = 0.011122538529396897
└   phase_change_deg = 0.866531127347514
┌ Info: finished simulation
│   status = :ok
│   steps = 1080
└   elapsed_s = 160.49322295188904
┌ Info: case finished
│   case = 19
│   of = 30
│   gamma = 0.05
│   freqHz = 70.0
│   status = :ok
│   elapsed_s = 160.51234984397888
│   CoM_max_cm = 0.03032671304259999
└   CoM_rms_cm = 0.02926582698604689
┌ Info: case starting
│   case = 20
│   of = 30
│   gamma = 0.2
│   freqHz = 70.0
└   thread = 3
┌ Info: starting simulation
│   diskRadius = 0.2
│   diskMass = 0.0283
│   forceAmplitude = 0.0
│   forceFrequency = 90.0
│   bathAmplitude = 0.0010142457260523814
│   bathFrequency = 70.0
│   nr = 2500
│   solverType = :auto
└   startStatic = true
┌ Info: static equilibrium solved
│   z_eq = -0.131982242133607
└   z_eq_cm = -0.026396448426721397
┌ Info: solver path selected
│   requested = :auto
│   resolved = :lu
│   n = 5002
└   stepsPerCycle = 60
┌ Info: simulation progress
│   step = 91
│   of_estimate = 1801
│   percent = 5.1
│   elapsed_s = 127.4
│   eta_s = 2393.9
│   forceFrequency = 90.0
│   bathFrequency = 20.0
│   forceAmplitude = 0.0
└   bathAmplitude = 0.0031061275360354176
┌ Info: simulation progress
│   step = 182
│   of_estimate = 1801
│   percent = 10.1
│   elapsed_s = 129.4
│   eta_s = 1150.9
│   forceFrequency = 90.0
│   bathFrequency = 20.0
│   forceAmplitude = 0.0
└   bathAmplitude = 0.0031061275360354176
┌ Info: simulation progress
│   step = 273
│   of_estimate = 1801
│   percent = 15.2
│   elapsed_s = 131.3
│   eta_s = 735.1
│   forceFrequency = 90.0
│   bathFrequency = 20.0
│   forceAmplitude = 0.0
└   bathAmplitude = 0.0031061275360354176
┌ Info: simulation progress
│   step = 364
│   of_estimate = 1801
│   percent = 20.2
│   elapsed_s = 133.4
│   eta_s = 526.6
│   forceFrequency = 90.0
│   bathFrequency = 20.0
│   forceAmplitude = 0.0
└   bathAmplitude = 0.0031061275360354176
┌ Info: simulation progress
│   step = 455
│   of_estimate = 1801
│   percent = 25.3
│   elapsed_s = 135.2
│   eta_s = 400.0
│   forceFrequency = 90.0
│   bathFrequency = 20.0
│   forceAmplitude = 0.0
└   bathAmplitude = 0.0031061275360354176
┌ Info: simulation progress
│   step = 546
│   of_estimate = 1801
│   percent = 30.3
│   elapsed_s = 137.3
│   eta_s = 315.6
│   forceFrequency = 90.0
│   bathFrequency = 20.0
│   forceAmplitude = 0.0
└   bathAmplitude = 0.0031061275360354176
┌ Info: simulation progress
│   step = 637
│   of_estimate = 1801
│   percent = 35.4
│   elapsed_s = 139.4
│   eta_s = 254.8
│   forceFrequency = 90.0
│   bathFrequency = 20.0
│   forceAmplitude = 0.0
└   bathAmplitude = 0.0031061275360354176
┌ Info: converged
│   step = 720
│   periods = 11.999999999999961
│   amplitude = 0.003899413925428579
│   phase_deg = -164.7867431385584
│   amp_rel_change = 0.003746152794727023
└   phase_change_deg = 0.22311417893348562
┌ Info: finished simulation
│   status = :ok
│   steps = 720
└   elapsed_s = 142.96566081047058
┌ Info: case finished
│   case = 4
│   of = 30
│   gamma = 0.05
│   freqHz = 20.0
│   status = :ok
│   elapsed_s = 142.98203086853027
│   CoM_max_cm = 0.030910675744874286
└   CoM_rms_cm = 0.02930005375089926
┌ Info: case starting
│   case = 5
│   of = 30
│   gamma = 0.2
│   freqHz = 20.0
└   thread = 5
┌ Info: starting simulation
│   diskRadius = 0.2
│   diskMass = 0.0283
│   forceAmplitude = 0.0
│   forceFrequency = 90.0
│   bathAmplitude = 0.01242451014414167
│   bathFrequency = 20.0
│   nr = 2500
│   solverType = :auto
└   startStatic = true
┌ Info: static equilibrium solved
│   z_eq = -0.131982242133607
└   z_eq_cm = -0.026396448426721397
┌ Info: solver path selected
│   requested = :auto
│   resolved = :lu
│   n = 5002
└   stepsPerCycle = 60
┌ Info: simulation progress
│   step = 91
│   of_estimate = 1801
│   percent = 5.1
│   elapsed_s = 171.7
│   eta_s = 3226.7
│   forceFrequency = 90.0
│   bathFrequency = 40.0
│   forceAmplitude = 0.0
└   bathAmplitude = 0.007765318840088543
┌ Info: simulation progress
│   step = 90
│   of_estimate = 1800
│   percent = 5.0
│   elapsed_s = 151.3
│   eta_s = 2875.3
│   forceFrequency = 90.0
│   bathFrequency = 70.0
│   forceAmplitude = 0.0
└   bathAmplitude = 0.0010142457260523814
┌ Info: simulation progress
│   step = 182
│   of_estimate = 1801
│   percent = 10.1
│   elapsed_s = 175.0
│   eta_s = 1556.5
│   forceFrequency = 90.0
│   bathFrequency = 40.0
│   forceAmplitude = 0.0
└   bathAmplitude = 0.007765318840088543
┌ Info: simulation progress
│   step = 180
│   of_estimate = 1800
│   percent = 10.0
│   elapsed_s = 154.4
│   eta_s = 1390.0
│   forceFrequency = 90.0
│   bathFrequency = 70.0
│   forceAmplitude = 0.0
└   bathAmplitude = 0.0010142457260523814
┌ Info: simulation progress
│   step = 273
│   of_estimate = 1801
│   percent = 15.2
│   elapsed_s = 177.2
│   eta_s = 991.7
│   forceFrequency = 90.0
│   bathFrequency = 40.0
│   forceAmplitude = 0.0
└   bathAmplitude = 0.007765318840088543
┌ Info: simulation progress
│   step = 270
│   of_estimate = 1800
│   percent = 15.0
│   elapsed_s = 156.6
│   eta_s = 887.1
│   forceFrequency = 90.0
│   bathFrequency = 70.0
│   forceAmplitude = 0.0
└   bathAmplitude = 0.0010142457260523814
┌ Info: simulation progress
│   step = 364
│   of_estimate = 1801
│   percent = 20.2
│   elapsed_s = 179.7
│   eta_s = 709.4
│   forceFrequency = 90.0
│   bathFrequency = 40.0
│   forceAmplitude = 0.0
└   bathAmplitude = 0.007765318840088543
┌ Info: simulation progress
│   step = 360
│   of_estimate = 1800
│   percent = 20.0
│   elapsed_s = 158.6
│   eta_s = 634.2
│   forceFrequency = 90.0
│   bathFrequency = 70.0
│   forceAmplitude = 0.0
└   bathAmplitude = 0.0010142457260523814
┌ Info: simulation progress
│   step = 90
│   of_estimate = 1800
│   percent = 5.0
│   elapsed_s = 166.6
│   eta_s = 3166.2
│   forceFrequency = 90.0
│   bathFrequency = 90.0
│   forceAmplitude = 0.0
└   bathAmplitude = 0.001533890141252058
┌ Info: simulation progress
│   step = 455
│   of_estimate = 1801
│   percent = 25.3
│   elapsed_s = 181.6
│   eta_s = 537.2
│   forceFrequency = 90.0
│   bathFrequency = 40.0
│   forceAmplitude = 0.0
└   bathAmplitude = 0.007765318840088543
┌ Info: simulation progress
│   step = 450
│   of_estimate = 1800
│   percent = 25.0
│   elapsed_s = 160.3
│   eta_s = 480.9
│   forceFrequency = 90.0
│   bathFrequency = 70.0
│   forceAmplitude = 0.0
└   bathAmplitude = 0.0010142457260523814
┌ Info: simulation progress
│   step = 180
│   of_estimate = 1800
│   percent = 10.0
│   elapsed_s = 169.1
│   eta_s = 1521.8
│   forceFrequency = 90.0
│   bathFrequency = 90.0
│   forceAmplitude = 0.0
└   bathAmplitude = 0.001533890141252058
┌ Info: simulation progress
│   step = 540
│   of_estimate = 1800
│   percent = 30.0
│   elapsed_s = 162.6
│   eta_s = 379.5
│   forceFrequency = 90.0
│   bathFrequency = 70.0
│   forceAmplitude = 0.0
└   bathAmplitude = 0.0010142457260523814
┌ Info: simulation progress
│   step = 546
│   of_estimate = 1801
│   percent = 30.3
│   elapsed_s = 184.4
│   eta_s = 423.9
│   forceFrequency = 90.0
│   bathFrequency = 40.0
│   forceAmplitude = 0.0
└   bathAmplitude = 0.007765318840088543
┌ Info: simulation progress
│   step = 270
│   of_estimate = 1800
│   percent = 15.0
│   elapsed_s = 171.2
│   eta_s = 970.0
│   forceFrequency = 90.0
│   bathFrequency = 90.0
│   forceAmplitude = 0.0
└   bathAmplitude = 0.001533890141252058
┌ Info: simulation progress
│   step = 637
│   of_estimate = 1801
│   percent = 35.4
│   elapsed_s = 186.4
│   eta_s = 340.5
│   forceFrequency = 90.0
│   bathFrequency = 40.0
│   forceAmplitude = 0.0
└   bathAmplitude = 0.007765318840088543
┌ Info: converged
│   step = 660
│   periods = 11.0
│   amplitude = 0.01609224887370392
│   phase_deg = 154.8508253586119
│   amp_rel_change = 0.004894319189277242
└   phase_change_deg = 1.2501281974396647
┌ Info: finished simulation
│   status = :ok
│   steps = 660
└   elapsed_s = 188.38525819778442
┌ Info: simulation progress
│   step = 630
│   of_estimate = 1800
│   percent = 35.0
│   elapsed_s = 165.4
│   eta_s = 307.2
│   forceFrequency = 90.0
│   bathFrequency = 70.0
│   forceAmplitude = 0.0
└   bathAmplitude = 0.0010142457260523814
┌ Info: case finished
│   case = 12
│   of = 30
│   gamma = 0.5
│   freqHz = 40.0
│   status = :ok
│   elapsed_s = 188.41445088386536
│   CoM_max_cm = 0.03377287925123384
└   CoM_rms_cm = 0.029546844477053486
┌ Info: case starting
│   case = 13
│   of = 30
│   gamma = 0.05
│   freqHz = 50.0
└   thread = 4
┌ Info: simulation progress
│   step = 360
│   of_estimate = 1800
│   percent = 20.0
│   elapsed_s = 173.2
│   eta_s = 693.0
│   forceFrequency = 90.0
│   bathFrequency = 90.0
│   forceAmplitude = 0.0
└   bathAmplitude = 0.001533890141252058
┌ Info: starting simulation
│   diskRadius = 0.2
│   diskMass = 0.0283
│   forceAmplitude = 0.0
│   forceFrequency = 90.0
│   bathAmplitude = 0.0004969804057656668
│   bathFrequency = 50.0
│   nr = 2500
│   solverType = :auto
└   startStatic = true
┌ Info: static equilibrium solved
│   z_eq = -0.131982242133607
└   z_eq_cm = -0.026396448426721397
┌ Info: solver path selected
│   requested = :auto
│   resolved = :lu
│   n = 5002
└   stepsPerCycle = 60
┌ Info: simulation progress
│   step = 720
│   of_estimate = 1800
│   percent = 40.0
│   elapsed_s = 167.5
│   eta_s = 251.3
│   forceFrequency = 90.0
│   bathFrequency = 70.0
│   forceAmplitude = 0.0
└   bathAmplitude = 0.0010142457260523814
┌ Info: simulation progress
│   step = 450
│   of_estimate = 1800
│   percent = 25.0
│   elapsed_s = 175.8
│   eta_s = 527.3
│   forceFrequency = 90.0
│   bathFrequency = 90.0
│   forceAmplitude = 0.0
└   bathAmplitude = 0.001533890141252058
┌ Info: simulation progress
│   step = 810
│   of_estimate = 1800
│   percent = 45.0
│   elapsed_s = 169.4
│   eta_s = 207.0
│   forceFrequency = 90.0
│   bathFrequency = 70.0
│   forceAmplitude = 0.0
└   bathAmplitude = 0.0010142457260523814
┌ Info: simulation progress
│   step = 900
│   of_estimate = 1800
│   percent = 50.0
│   elapsed_s = 172.8
│   eta_s = 172.8
│   forceFrequency = 90.0
│   bathFrequency = 70.0
│   forceAmplitude = 0.0
└   bathAmplitude = 0.0010142457260523814
┌ Info: simulation progress
│   step = 540
│   of_estimate = 1800
│   percent = 30.0
│   elapsed_s = 180.0
│   eta_s = 420.0
│   forceFrequency = 90.0
│   bathFrequency = 90.0
│   forceAmplitude = 0.0
└   bathAmplitude = 0.001533890141252058
┌ Info: simulation progress
│   step = 990
│   of_estimate = 1800
│   percent = 55.0
│   elapsed_s = 174.7
│   eta_s = 142.9
│   forceFrequency = 90.0
│   bathFrequency = 70.0
│   forceAmplitude = 0.0
└   bathAmplitude = 0.0010142457260523814
┌ Info: simulation progress
│   step = 630
│   of_estimate = 1800
│   percent = 35.0
│   elapsed_s = 182.0
│   eta_s = 338.0
│   forceFrequency = 90.0
│   bathFrequency = 90.0
│   forceAmplitude = 0.0
└   bathAmplitude = 0.001533890141252058
┌ Info: converged
│   step = 1020
│   periods = 16.999999999999716
│   amplitude = 0.0024964348221024964
│   phase_deg = 133.1519685067952
│   amp_rel_change = 0.004200420099183703
└   phase_change_deg = 0.0506607938332877
┌ Info: finished simulation
│   status = :ok
│   steps = 1020
└   elapsed_s = 178.1108820438385
┌ Info: case finished
│   case = 20
│   of = 30
│   gamma = 0.2
│   freqHz = 70.0
│   status = :ok
│   elapsed_s = 178.13560509681702
│   CoM_max_cm = 0.030723124331971077
└   CoM_rms_cm = 0.02928345984707064
┌ Info: case starting
│   case = 21
│   of = 30
│   gamma = 0.5
│   freqHz = 70.0
└   thread = 3
┌ Info: starting simulation
│   diskRadius = 0.2
│   diskMass = 0.0283
│   forceAmplitude = 0.0
│   forceFrequency = 90.0
│   bathAmplitude = 0.0025356143151309533
│   bathFrequency = 70.0
│   nr = 2500
│   solverType = :auto
└   startStatic = true
┌ Info: static equilibrium solved
│   z_eq = -0.131982242133607
└   z_eq_cm = -0.026396448426721397
┌ Info: simulation progress
│   step = 720
│   of_estimate = 1800
│   percent = 40.0
│   elapsed_s = 184.4
│   eta_s = 276.7
│   forceFrequency = 90.0
│   bathFrequency = 90.0
│   forceAmplitude = 0.0
└   bathAmplitude = 0.001533890141252058
┌ Info: solver path selected
│   requested = :auto
│   resolved = :lu
│   n = 5002
└   stepsPerCycle = 60
┌ Info: simulation progress
│   step = 810
│   of_estimate = 1800
│   percent = 45.0
│   elapsed_s = 186.8
│   eta_s = 228.3
│   forceFrequency = 90.0
│   bathFrequency = 90.0
│   forceAmplitude = 0.0
└   bathAmplitude = 0.001533890141252058
┌ Info: simulation progress
│   step = 900
│   of_estimate = 1800
│   percent = 50.0
│   elapsed_s = 189.2
│   eta_s = 189.2
│   forceFrequency = 90.0
│   bathFrequency = 90.0
│   forceAmplitude = 0.0
└   bathAmplitude = 0.001533890141252058
┌ Info: simulation progress
│   step = 990
│   of_estimate = 1800
│   percent = 55.0
│   elapsed_s = 192.6
│   eta_s = 157.5
│   forceFrequency = 90.0
│   bathFrequency = 90.0
│   forceAmplitude = 0.0
└   bathAmplitude = 0.001533890141252058
┌ Info: simulation progress
│   step = 1080
│   of_estimate = 1800
│   percent = 60.0
│   elapsed_s = 195.9
│   eta_s = 130.6
│   forceFrequency = 90.0
│   bathFrequency = 90.0
│   forceAmplitude = 0.0
└   bathAmplitude = 0.001533890141252058
┌ Info: converged
│   step = 1080
│   periods = 18.000000000000092
│   amplitude = 0.003954558227077159
│   phase_deg = 126.35862071549877
│   amp_rel_change = 0.010613044729020131
└   phase_change_deg = 0.3697186478568426
┌ Info: finished simulation
│   status = :ok
│   steps = 1080
└   elapsed_s = 199.60156106948853
┌ Info: case finished
│   case = 27
│   of = 30
│   gamma = 0.5
│   freqHz = 90.0
│   status = :ok
│   elapsed_s = 199.6263768672943
│   CoM_max_cm = 0.031083084915471727
└   CoM_rms_cm = 0.0293126206248341
┌ Info: case starting
│   case = 28
│   of = 30
│   gamma = 0.05
│   freqHz = 100.0
└   thread = 2
┌ Info: starting simulation
│   diskRadius = 0.2
│   diskMass = 0.0283
│   forceAmplitude = 0.0
│   forceFrequency = 90.0
│   bathAmplitude = 0.0001242451014414167
│   bathFrequency = 100.0
│   nr = 2500
│   solverType = :auto
└   startStatic = true
┌ Info: static equilibrium solved
│   z_eq = -0.131982242133607
└   z_eq_cm = -0.026396448426721397
┌ Info: solver path selected
│   requested = :auto
│   resolved = :lu
│   n = 5002
└   stepsPerCycle = 60
┌ Info: simulation progress
│   step = 91
│   of_estimate = 1801
│   percent = 5.1
│   elapsed_s = 141.0
│   eta_s = 2650.0
│   forceFrequency = 90.0
│   bathFrequency = 20.0
│   forceAmplitude = 0.0
└   bathAmplitude = 0.01242451014414167
┌ Info: simulation progress
│   step = 182
│   of_estimate = 1801
│   percent = 10.1
│   elapsed_s = 143.0
│   eta_s = 1272.0
│   forceFrequency = 90.0
│   bathFrequency = 20.0
│   forceAmplitude = 0.0
└   bathAmplitude = 0.01242451014414167
┌ Info: simulation progress
│   step = 273
│   of_estimate = 1801
│   percent = 15.2
│   elapsed_s = 145.0
│   eta_s = 811.6
│   forceFrequency = 90.0
│   bathFrequency = 20.0
│   forceAmplitude = 0.0
└   bathAmplitude = 0.01242451014414167
┌ Info: simulation progress
│   step = 364
│   of_estimate = 1801
│   percent = 20.2
│   elapsed_s = 146.8
│   eta_s = 579.7
│   forceFrequency = 90.0
│   bathFrequency = 20.0
│   forceAmplitude = 0.0
└   bathAmplitude = 0.01242451014414167
┌ Info: simulation progress
│   step = 455
│   of_estimate = 1801
│   percent = 25.3
│   elapsed_s = 148.6
│   eta_s = 439.7
│   forceFrequency = 90.0
│   bathFrequency = 20.0
│   forceAmplitude = 0.0
└   bathAmplitude = 0.01242451014414167
┌ Info: simulation progress
│   step = 546
│   of_estimate = 1801
│   percent = 30.3
│   elapsed_s = 150.5
│   eta_s = 345.8
│   forceFrequency = 90.0
│   bathFrequency = 20.0
│   forceAmplitude = 0.0
└   bathAmplitude = 0.01242451014414167
┌ Info: simulation progress
│   step = 637
│   of_estimate = 1801
│   percent = 35.4
│   elapsed_s = 152.4
│   eta_s = 278.6
│   forceFrequency = 90.0
│   bathFrequency = 20.0
│   forceAmplitude = 0.0
└   bathAmplitude = 0.01242451014414167
┌ Info: converged
│   step = 660
│   periods = 11.0
│   amplitude = 0.015595260453407988
│   phase_deg = -164.73374249127357
│   amp_rel_change = 0.0026999387563016136
└   phase_change_deg = 0.5760097029590838
┌ Info: finished simulation
│   status = :ok
│   steps = 660
└   elapsed_s = 155.44878888130188
┌ Info: case finished
│   case = 5
│   of = 30
│   gamma = 0.2
│   freqHz = 20.0
│   status = :ok
│   elapsed_s = 155.46246600151062
│   CoM_max_cm = 0.03321392700683339
└   CoM_rms_cm = 0.029443738585917294
┌ Info: case starting
│   case = 6
│   of = 30
│   gamma = 0.5
│   freqHz = 20.0
└   thread = 5
┌ Info: starting simulation
│   diskRadius = 0.2
│   diskMass = 0.0283
│   forceAmplitude = 0.0
│   forceFrequency = 90.0
│   bathAmplitude = 0.031061275360354173
│   bathFrequency = 20.0
│   nr = 2500
│   solverType = :auto
└   startStatic = true
┌ Info: static equilibrium solved
│   z_eq = -0.131982242133607
└   z_eq_cm = -0.026396448426721397
┌ Info: solver path selected
│   requested = :auto
│   resolved = :lu
│   n = 5002
└   stepsPerCycle = 60
┌ Info: simulation progress
│   step = 90
│   of_estimate = 1800
│   percent = 5.0
│   elapsed_s = 109.9
│   eta_s = 2088.3
│   forceFrequency = 90.0
│   bathFrequency = 50.0
│   forceAmplitude = 0.0
└   bathAmplitude = 0.0004969804057656668
┌ Info: simulation progress
│   step = 180
│   of_estimate = 1800
│   percent = 10.0
│   elapsed_s = 112.3
│   eta_s = 1010.8
│   forceFrequency = 90.0
│   bathFrequency = 50.0
│   forceAmplitude = 0.0
└   bathAmplitude = 0.0004969804057656668
┌ Info: simulation progress
│   step = 270
│   of_estimate = 1800
│   percent = 15.0
│   elapsed_s = 114.4
│   eta_s = 648.5
│   forceFrequency = 90.0
│   bathFrequency = 50.0
│   forceAmplitude = 0.0
└   bathAmplitude = 0.0004969804057656668
┌ Info: simulation progress
│   step = 360
│   of_estimate = 1800
│   percent = 20.0
│   elapsed_s = 116.2
│   eta_s = 465.0
│   forceFrequency = 90.0
│   bathFrequency = 50.0
│   forceAmplitude = 0.0
└   bathAmplitude = 0.0004969804057656668
┌ Info: simulation progress
│   step = 450
│   of_estimate = 1800
│   percent = 25.0
│   elapsed_s = 119.1
│   eta_s = 357.4
│   forceFrequency = 90.0
│   bathFrequency = 50.0
│   forceAmplitude = 0.0
└   bathAmplitude = 0.0004969804057656668
┌ Info: simulation progress
│   step = 540
│   of_estimate = 1800
│   percent = 30.0
│   elapsed_s = 121.2
│   eta_s = 282.9
│   forceFrequency = 90.0
│   bathFrequency = 50.0
│   forceAmplitude = 0.0
└   bathAmplitude = 0.0004969804057656668
┌ Info: simulation progress
│   step = 630
│   of_estimate = 1800
│   percent = 35.0
│   elapsed_s = 123.1
│   eta_s = 228.7
│   forceFrequency = 90.0
│   bathFrequency = 50.0
│   forceAmplitude = 0.0
└   bathAmplitude = 0.0004969804057656668
┌ Info: simulation progress
│   step = 720
│   of_estimate = 1800
│   percent = 40.0
│   elapsed_s = 125.5
│   eta_s = 188.2
│   forceFrequency = 90.0
│   bathFrequency = 50.0
│   forceAmplitude = 0.0
└   bathAmplitude = 0.0004969804057656668
┌ Info: simulation progress
│   step = 810
│   of_estimate = 1800
│   percent = 45.0
│   elapsed_s = 130.0
│   eta_s = 158.8
│   forceFrequency = 90.0
│   bathFrequency = 50.0
│   forceAmplitude = 0.0
└   bathAmplitude = 0.0004969804057656668
┌ Info: simulation progress
│   step = 900
│   of_estimate = 1800
│   percent = 50.0
│   elapsed_s = 131.7
│   eta_s = 131.7
│   forceFrequency = 90.0
│   bathFrequency = 50.0
│   forceAmplitude = 0.0
└   bathAmplitude = 0.0004969804057656668
┌ Info: converged
│   step = 900
│   periods = 15.00000000000008
│   amplitude = 0.0011210722034897783
│   phase_deg = 144.89809842141491
│   amp_rel_change = 0.005056150808948772
└   phase_change_deg = 0.1875861662067564
┌ Info: finished simulation
│   status = :ok
│   steps = 900
└   elapsed_s = 133.75350308418274
┌ Info: case finished
│   case = 13
│   of = 30
│   gamma = 0.05
│   freqHz = 50.0
│   status = :ok
│   elapsed_s = 133.7720489501953
│   CoM_max_cm = 0.030434303794795472
└   CoM_rms_cm = 0.0292733959032555
┌ Info: case starting
│   case = 14
│   of = 30
│   gamma = 0.2
│   freqHz = 50.0
└   thread = 4
┌ Info: starting simulation
│   diskRadius = 0.2
│   diskMass = 0.0283
│   forceAmplitude = 0.0
│   forceFrequency = 90.0
│   bathAmplitude = 0.001987921623062667
│   bathFrequency = 50.0
│   nr = 2500
│   solverType = :auto
└   startStatic = true
┌ Info: static equilibrium solved
│   z_eq = -0.131982242133607
└   z_eq_cm = -0.026396448426721397
┌ Info: solver path selected
│   requested = :auto
│   resolved = :lu
│   n = 5002
└   stepsPerCycle = 60
┌ Info: simulation progress
│   step = 90
│   of_estimate = 1800
│   percent = 5.0
│   elapsed_s = 128.4
│   eta_s = 2439.4
│   forceFrequency = 90.0
│   bathFrequency = 100.0
│   forceAmplitude = 0.0
└   bathAmplitude = 0.0001242451014414167
┌ Info: simulation progress
│   step = 180
│   of_estimate = 1800
│   percent = 10.0
│   elapsed_s = 130.5
│   eta_s = 1174.1
│   forceFrequency = 90.0
│   bathFrequency = 100.0
│   forceAmplitude = 0.0
└   bathAmplitude = 0.0001242451014414167
┌ Info: simulation progress
│   step = 270
│   of_estimate = 1800
│   percent = 15.0
│   elapsed_s = 132.7
│   eta_s = 751.7
│   forceFrequency = 90.0
│   bathFrequency = 100.0
│   forceAmplitude = 0.0
└   bathAmplitude = 0.0001242451014414167
┌ Info: simulation progress
│   step = 360
│   of_estimate = 1800
│   percent = 20.0
│   elapsed_s = 134.8
│   eta_s = 539.2
│   forceFrequency = 90.0
│   bathFrequency = 100.0
│   forceAmplitude = 0.0
└   bathAmplitude = 0.0001242451014414167
┌ Info: simulation progress
│   step = 450
│   of_estimate = 1800
│   percent = 25.0
│   elapsed_s = 136.5
│   eta_s = 409.5
│   forceFrequency = 90.0
│   bathFrequency = 100.0
│   forceAmplitude = 0.0
└   bathAmplitude = 0.0001242451014414167
┌ Info: simulation progress
│   step = 540
│   of_estimate = 1800
│   percent = 30.0
│   elapsed_s = 138.7
│   eta_s = 323.7
│   forceFrequency = 90.0
│   bathFrequency = 100.0
│   forceAmplitude = 0.0
└   bathAmplitude = 0.0001242451014414167
┌ Info: simulation progress
│   step = 630
│   of_estimate = 1800
│   percent = 35.0
│   elapsed_s = 140.7
│   eta_s = 261.3
│   forceFrequency = 90.0
│   bathFrequency = 100.0
│   forceAmplitude = 0.0
└   bathAmplitude = 0.0001242451014414167
┌ Info: simulation progress
│   step = 720
│   of_estimate = 1800
│   percent = 40.0
│   elapsed_s = 144.2
│   eta_s = 216.3
│   forceFrequency = 90.0
│   bathFrequency = 100.0
│   forceAmplitude = 0.0
└   bathAmplitude = 0.0001242451014414167
┌ Info: simulation progress
│   step = 810
│   of_estimate = 1800
│   percent = 45.0
│   elapsed_s = 146.3
│   eta_s = 178.8
│   forceFrequency = 90.0
│   bathFrequency = 100.0
│   forceAmplitude = 0.0
└   bathAmplitude = 0.0001242451014414167
┌ Info: simulation progress
│   step = 900
│   of_estimate = 1800
│   percent = 50.0
│   elapsed_s = 149.1
│   eta_s = 149.1
│   forceFrequency = 90.0
│   bathFrequency = 100.0
│   forceAmplitude = 0.0
└   bathAmplitude = 0.0001242451014414167
┌ Info: simulation progress
│   step = 990
│   of_estimate = 1800
│   percent = 55.0
│   elapsed_s = 151.1
│   eta_s = 123.6
│   forceFrequency = 90.0
│   bathFrequency = 100.0
│   forceAmplitude = 0.0
└   bathAmplitude = 0.0001242451014414167
┌ Info: simulation progress
│   step = 1080
│   of_estimate = 1800
│   percent = 60.0
│   elapsed_s = 153.7
│   eta_s = 102.4
│   forceFrequency = 90.0
│   bathFrequency = 100.0
│   forceAmplitude = 0.0
└   bathAmplitude = 0.0001242451014414167
┌ Info: simulation progress
│   step = 1170
│   of_estimate = 1800
│   percent = 65.0
│   elapsed_s = 156.4
│   eta_s = 84.2
│   forceFrequency = 90.0
│   bathFrequency = 100.0
│   forceAmplitude = 0.0
└   bathAmplitude = 0.0001242451014414167
┌ Info: simulation progress
│   step = 90
│   of_estimate = 1800
│   percent = 5.0
│   elapsed_s = 168.9
│   eta_s = 3209.6
│   forceFrequency = 90.0
│   bathFrequency = 70.0
│   forceAmplitude = 0.0
└   bathAmplitude = 0.0025356143151309533
┌ Info: simulation progress
│   step = 1260
│   of_estimate = 1800
│   percent = 70.0
│   elapsed_s = 158.6
│   eta_s = 68.0
│   forceFrequency = 90.0
│   bathFrequency = 100.0
│   forceAmplitude = 0.0
└   bathAmplitude = 0.0001242451014414167
┌ Info: converged
│   step = 1320
│   periods = 22.000000000000437
│   amplitude = 0.0003190278916075343
│   phase_deg = 124.69257588023318
│   amp_rel_change = 0.008764897342594469
└   phase_change_deg = 0.7623924198398129
┌ Info: finished simulation
│   status = :ok
│   steps = 1320
└   elapsed_s = 161.06985902786255
┌ Info: case finished
│   case = 28
│   of = 30
│   gamma = 0.05
│   freqHz = 100.0
│   status = :ok
│   elapsed_s = 161.09364700317383
│   CoM_max_cm = 0.03027186817430252
└   CoM_rms_cm = 0.029257366282682724
┌ Info: case starting
│   case = 29
│   of = 30
│   gamma = 0.2
│   freqHz = 100.0
└   thread = 2
┌ Info: simulation progress
│   step = 180
│   of_estimate = 1800
│   percent = 10.0
│   elapsed_s = 172.4
│   eta_s = 1551.3
│   forceFrequency = 90.0
│   bathFrequency = 70.0
│   forceAmplitude = 0.0
└   bathAmplitude = 0.0025356143151309533
┌ Info: starting simulation
│   diskRadius = 0.2
│   diskMass = 0.0283
│   forceAmplitude = 0.0
│   forceFrequency = 90.0
│   bathAmplitude = 0.0004969804057656668
│   bathFrequency = 100.0
│   nr = 2500
│   solverType = :auto
└   startStatic = true
┌ Info: static equilibrium solved
│   z_eq = -0.131982242133607
└   z_eq_cm = -0.026396448426721397
┌ Info: solver path selected
│   requested = :auto
│   resolved = :lu
│   n = 5002
└   stepsPerCycle = 60
┌ Info: simulation progress
│   step = 270
│   of_estimate = 1800
│   percent = 15.0
│   elapsed_s = 174.2
│   eta_s = 987.1
│   forceFrequency = 90.0
│   bathFrequency = 70.0
│   forceAmplitude = 0.0
└   bathAmplitude = 0.0025356143151309533
┌ Info: simulation progress
│   step = 360
│   of_estimate = 1800
│   percent = 20.0
│   elapsed_s = 176.4
│   eta_s = 705.6
│   forceFrequency = 90.0
│   bathFrequency = 70.0
│   forceAmplitude = 0.0
└   bathAmplitude = 0.0025356143151309533
┌ Info: simulation progress
│   step = 450
│   of_estimate = 1800
│   percent = 25.0
│   elapsed_s = 178.6
│   eta_s = 535.9
│   forceFrequency = 90.0
│   bathFrequency = 70.0
│   forceAmplitude = 0.0
└   bathAmplitude = 0.0025356143151309533
┌ Info: simulation progress
│   step = 540
│   of_estimate = 1800
│   percent = 30.0
│   elapsed_s = 181.3
│   eta_s = 423.1
│   forceFrequency = 90.0
│   bathFrequency = 70.0
│   forceAmplitude = 0.0
└   bathAmplitude = 0.0025356143151309533
┌ Info: simulation progress
│   step = 630
│   of_estimate = 1800
│   percent = 35.0
│   elapsed_s = 183.5
│   eta_s = 340.8
│   forceFrequency = 90.0
│   bathFrequency = 70.0
│   forceAmplitude = 0.0
└   bathAmplitude = 0.0025356143151309533
┌ Info: simulation progress
│   step = 720
│   of_estimate = 1800
│   percent = 40.0
│   elapsed_s = 185.7
│   eta_s = 278.6
│   forceFrequency = 90.0
│   bathFrequency = 70.0
│   forceAmplitude = 0.0
└   bathAmplitude = 0.0025356143151309533
┌ Info: simulation progress
│   step = 810
│   of_estimate = 1800
│   percent = 45.0
│   elapsed_s = 188.1
│   eta_s = 229.9
│   forceFrequency = 90.0
│   bathFrequency = 70.0
│   forceAmplitude = 0.0
└   bathAmplitude = 0.0025356143151309533
┌ Info: simulation progress
│   step = 900
│   of_estimate = 1800
│   percent = 50.0
│   elapsed_s = 190.0
│   eta_s = 190.0
│   forceFrequency = 90.0
│   bathFrequency = 70.0
│   forceAmplitude = 0.0
└   bathAmplitude = 0.0025356143151309533
┌ Info: converged
│   step = 900
│   periods = 14.999999999999796
│   amplitude = 0.0062401768879183145
│   phase_deg = 133.17230325388988
│   amp_rel_change = 0.01638527588334186
└   phase_change_deg = 0.6406169545455214
┌ Info: finished simulation
│   status = :ok
│   steps = 900
└   elapsed_s = 192.48060584068298
┌ Info: case finished
│   case = 21
│   of = 30
│   gamma = 0.5
│   freqHz = 70.0
│   status = :ok
│   elapsed_s = 192.491779088974
│   CoM_max_cm = 0.031533586850134514
└   CoM_rms_cm = 0.029347888323094647
┌ Info: case starting
│   case = 22
│   of = 30
│   gamma = 0.05
│   freqHz = 80.0
└   thread = 3
┌ Info: starting simulation
│   diskRadius = 0.2
│   diskMass = 0.0283
│   forceAmplitude = 0.0
│   forceFrequency = 90.0
│   bathAmplitude = 0.0001941329710022136
│   bathFrequency = 80.0
│   nr = 2500
│   solverType = :auto
└   startStatic = true
┌ Info: static equilibrium solved
│   z_eq = -0.131982242133607
└   z_eq_cm = -0.026396448426721397
┌ Info: solver path selected
│   requested = :auto
│   resolved = :lu
│   n = 5002
└   stepsPerCycle = 60
┌ Info: simulation progress
│   step = 90
│   of_estimate = 1800
│   percent = 5.0
│   elapsed_s = 133.2
│   eta_s = 2530.8
│   forceFrequency = 90.0
│   bathFrequency = 50.0
│   forceAmplitude = 0.0
└   bathAmplitude = 0.001987921623062667
┌ Info: simulation progress
│   step = 91
│   of_estimate = 1801
│   percent = 5.1
│   elapsed_s = 164.0
│   eta_s = 3081.6
│   forceFrequency = 90.0
│   bathFrequency = 20.0
│   forceAmplitude = 0.0
└   bathAmplitude = 0.031061275360354173
┌ Info: simulation progress
│   step = 180
│   of_estimate = 1800
│   percent = 10.0
│   elapsed_s = 136.0
│   eta_s = 1224.4
│   forceFrequency = 90.0
│   bathFrequency = 50.0
│   forceAmplitude = 0.0
└   bathAmplitude = 0.001987921623062667
┌ Info: simulation progress
│   step = 182
│   of_estimate = 1801
│   percent = 10.1
│   elapsed_s = 166.4
│   eta_s = 1480.0
│   forceFrequency = 90.0
│   bathFrequency = 20.0
│   forceAmplitude = 0.0
└   bathAmplitude = 0.031061275360354173
┌ Info: simulation progress
│   step = 270
│   of_estimate = 1800
│   percent = 15.0
│   elapsed_s = 138.3
│   eta_s = 783.5
│   forceFrequency = 90.0
│   bathFrequency = 50.0
│   forceAmplitude = 0.0
└   bathAmplitude = 0.001987921623062667
┌ Info: simulation progress
│   step = 360
│   of_estimate = 1800
│   percent = 20.0
│   elapsed_s = 140.1
│   eta_s = 560.6
│   forceFrequency = 90.0
│   bathFrequency = 50.0
│   forceAmplitude = 0.0
└   bathAmplitude = 0.001987921623062667
┌ Info: simulation progress
│   step = 273
│   of_estimate = 1801
│   percent = 15.2
│   elapsed_s = 169.6
│   eta_s = 949.5
│   forceFrequency = 90.0
│   bathFrequency = 20.0
│   forceAmplitude = 0.0
└   bathAmplitude = 0.031061275360354173
┌ Info: simulation progress
│   step = 450
│   of_estimate = 1800
│   percent = 25.0
│   elapsed_s = 141.8
│   eta_s = 425.5
│   forceFrequency = 90.0
│   bathFrequency = 50.0
│   forceAmplitude = 0.0
└   bathAmplitude = 0.001987921623062667
┌ Info: simulation progress
│   step = 364
│   of_estimate = 1801
│   percent = 20.2
│   elapsed_s = 171.5
│   eta_s = 677.1
│   forceFrequency = 90.0
│   bathFrequency = 20.0
│   forceAmplitude = 0.0
└   bathAmplitude = 0.031061275360354173
┌ Info: simulation progress
│   step = 540
│   of_estimate = 1800
│   percent = 30.0
│   elapsed_s = 144.5
│   eta_s = 337.1
│   forceFrequency = 90.0
│   bathFrequency = 50.0
│   forceAmplitude = 0.0
└   bathAmplitude = 0.001987921623062667
┌ Info: simulation progress
│   step = 455
│   of_estimate = 1801
│   percent = 25.3
│   elapsed_s = 173.7
│   eta_s = 513.8
│   forceFrequency = 90.0
│   bathFrequency = 20.0
│   forceAmplitude = 0.0
└   bathAmplitude = 0.031061275360354173
┌ Info: simulation progress
│   step = 630
│   of_estimate = 1800
│   percent = 35.0
│   elapsed_s = 146.2
│   eta_s = 271.4
│   forceFrequency = 90.0
│   bathFrequency = 50.0
│   forceAmplitude = 0.0
└   bathAmplitude = 0.001987921623062667
┌ Info: simulation progress
│   step = 546
│   of_estimate = 1801
│   percent = 30.3
│   elapsed_s = 176.4
│   eta_s = 405.4
│   forceFrequency = 90.0
│   bathFrequency = 20.0
│   forceAmplitude = 0.0
└   bathAmplitude = 0.031061275360354173
┌ Info: simulation progress
│   step = 720
│   of_estimate = 1800
│   percent = 40.0
│   elapsed_s = 148.9
│   eta_s = 223.3
│   forceFrequency = 90.0
│   bathFrequency = 50.0
│   forceAmplitude = 0.0
└   bathAmplitude = 0.001987921623062667
┌ Info: simulation progress
│   step = 637
│   of_estimate = 1801
│   percent = 35.4
│   elapsed_s = 178.7
│   eta_s = 326.5
│   forceFrequency = 90.0
│   bathFrequency = 20.0
│   forceAmplitude = 0.0
└   bathAmplitude = 0.031061275360354173
┌ Info: converged
│   step = 660
│   periods = 11.0
│   amplitude = 0.03898946104526729
│   phase_deg = -163.4980021555534
│   amp_rel_change = 0.0075170145733399404
└   phase_change_deg = 0.2579453984395741
┌ Info: finished simulation
│   status = :ok
│   steps = 660
└   elapsed_s = 181.46358394622803
┌ Info: case finished
│   case = 6
│   of = 30
│   gamma = 0.5
│   freqHz = 20.0
│   status = :ok
│   elapsed_s = 181.49095010757446
│   CoM_max_cm = 0.03790294724019316
└   CoM_rms_cm = 0.030123962431383305
┌ Info: case starting
│   case = 7
│   of = 30
│   gamma = 0.05
│   freqHz = 30.0
└   thread = 5
┌ Info: simulation progress
│   step = 810
│   of_estimate = 1800
│   percent = 45.0
│   elapsed_s = 150.6
│   eta_s = 184.1
│   forceFrequency = 90.0
│   bathFrequency = 50.0
│   forceAmplitude = 0.0
└   bathAmplitude = 0.001987921623062667
┌ Info: converged
│   step = 840
│   periods = 14.000000000000028
│   amplitude = 0.004484259640607945
│   phase_deg = 144.8945347524439
│   amp_rel_change = 0.011931760226822588
└   phase_change_deg = 0.602791378047101
┌ Info: finished simulation
│   status = :ok
│   steps = 840
└   elapsed_s = 152.96672701835632
┌ Info: case finished
│   case = 14
│   of = 30
│   gamma = 0.2
│   freqHz = 50.0
│   status = :ok
│   elapsed_s = 152.98322105407715
│   CoM_max_cm = 0.03118336323882072
└   CoM_rms_cm = 0.029304438604571485
┌ Info: case starting
│   case = 15
│   of = 30
│   gamma = 0.5
│   freqHz = 50.0
└   thread = 4
┌ Info: starting simulation
│   diskRadius = 0.2
│   diskMass = 0.0283
│   forceAmplitude = 0.0
│   forceFrequency = 90.0
│   bathAmplitude = 0.0013805011271268526
│   bathFrequency = 30.0
│   nr = 2500
│   solverType = :auto
└   startStatic = true
┌ Info: static equilibrium solved
│   z_eq = -0.131982242133607
└   z_eq_cm = -0.026396448426721397
┌ Info: solver path selected
│   requested = :auto
│   resolved = :lu
│   n = 5002
└   stepsPerCycle = 60
┌ Info: starting simulation
│   diskRadius = 0.2
│   diskMass = 0.0283
│   forceAmplitude = 0.0
│   forceFrequency = 90.0
│   bathAmplitude = 0.004969804057656668
│   bathFrequency = 50.0
│   nr = 2500
│   solverType = :auto
└   startStatic = true
┌ Info: static equilibrium solved
│   z_eq = -0.131982242133607
└   z_eq_cm = -0.026396448426721397
┌ Info: solver path selected
│   requested = :auto
│   resolved = :lu
│   n = 5002
└   stepsPerCycle = 60
┌ Info: simulation progress
│   step = 90
│   of_estimate = 1800
│   percent = 5.0
│   elapsed_s = 128.9
│   eta_s = 2449.8
│   forceFrequency = 90.0
│   bathFrequency = 100.0
│   forceAmplitude = 0.0
└   bathAmplitude = 0.0004969804057656668
┌ Info: simulation progress
│   step = 180
│   of_estimate = 1800
│   percent = 10.0
│   elapsed_s = 131.1
│   eta_s = 1180.2
│   forceFrequency = 90.0
│   bathFrequency = 100.0
│   forceAmplitude = 0.0
└   bathAmplitude = 0.0004969804057656668
┌ Info: simulation progress
│   step = 270
│   of_estimate = 1800
│   percent = 15.0
│   elapsed_s = 133.3
│   eta_s = 755.1
│   forceFrequency = 90.0
│   bathFrequency = 100.0
│   forceAmplitude = 0.0
└   bathAmplitude = 0.0004969804057656668
┌ Info: simulation progress
│   step = 360
│   of_estimate = 1800
│   percent = 20.0
│   elapsed_s = 137.1
│   eta_s = 548.4
│   forceFrequency = 90.0
│   bathFrequency = 100.0
│   forceAmplitude = 0.0
└   bathAmplitude = 0.0004969804057656668
┌ Info: simulation progress
│   step = 450
│   of_estimate = 1800
│   percent = 25.0
│   elapsed_s = 139.5
│   eta_s = 418.6
│   forceFrequency = 90.0
│   bathFrequency = 100.0
│   forceAmplitude = 0.0
└   bathAmplitude = 0.0004969804057656668
┌ Info: simulation progress
│   step = 540
│   of_estimate = 1800
│   percent = 30.0
│   elapsed_s = 142.9
│   eta_s = 333.4
│   forceFrequency = 90.0
│   bathFrequency = 100.0
│   forceAmplitude = 0.0
└   bathAmplitude = 0.0004969804057656668
┌ Info: simulation progress
│   step = 630
│   of_estimate = 1800
│   percent = 35.0
│   elapsed_s = 145.2
│   eta_s = 269.7
│   forceFrequency = 90.0
│   bathFrequency = 100.0
│   forceAmplitude = 0.0
└   bathAmplitude = 0.0004969804057656668
┌ Info: simulation progress
│   step = 720
│   of_estimate = 1800
│   percent = 40.0
│   elapsed_s = 147.2
│   eta_s = 220.8
│   forceFrequency = 90.0
│   bathFrequency = 100.0
│   forceAmplitude = 0.0
└   bathAmplitude = 0.0004969804057656668
┌ Info: simulation progress
│   step = 91
│   of_estimate = 1801
│   percent = 5.1
│   elapsed_s = 127.1
│   eta_s = 2389.1
│   forceFrequency = 90.0
│   bathFrequency = 80.0
│   forceAmplitude = 0.0
└   bathAmplitude = 0.0001941329710022136
┌ Info: simulation progress
│   step = 182
│   of_estimate = 1801
│   percent = 10.1
│   elapsed_s = 129.6
│   eta_s = 1153.1
│   forceFrequency = 90.0
│   bathFrequency = 80.0
│   forceAmplitude = 0.0
└   bathAmplitude = 0.0001941329710022136
┌ Info: simulation progress
│   step = 810
│   of_estimate = 1800
│   percent = 45.0
│   elapsed_s = 150.6
│   eta_s = 184.1
│   forceFrequency = 90.0
│   bathFrequency = 100.0
│   forceAmplitude = 0.0
└   bathAmplitude = 0.0004969804057656668
┌ Info: simulation progress
│   step = 273
│   of_estimate = 1801
│   percent = 15.2
│   elapsed_s = 131.7
│   eta_s = 737.2
│   forceFrequency = 90.0
│   bathFrequency = 80.0
│   forceAmplitude = 0.0
└   bathAmplitude = 0.0001941329710022136
┌ Info: simulation progress
│   step = 900
│   of_estimate = 1800
│   percent = 50.0
│   elapsed_s = 153.4
│   eta_s = 153.4
│   forceFrequency = 90.0
│   bathFrequency = 100.0
│   forceAmplitude = 0.0
└   bathAmplitude = 0.0004969804057656668
┌ Info: simulation progress
│   step = 364
│   of_estimate = 1801
│   percent = 20.2
│   elapsed_s = 134.2
│   eta_s = 529.8
│   forceFrequency = 90.0
│   bathFrequency = 80.0
│   forceAmplitude = 0.0
└   bathAmplitude = 0.0001941329710022136
┌ Info: simulation progress
│   step = 455
│   of_estimate = 1801
│   percent = 25.3
│   elapsed_s = 136.3
│   eta_s = 403.1
│   forceFrequency = 90.0
│   bathFrequency = 80.0
│   forceAmplitude = 0.0
└   bathAmplitude = 0.0001941329710022136
┌ Info: simulation progress
│   step = 990
│   of_estimate = 1800
│   percent = 55.0
│   elapsed_s = 156.7
│   eta_s = 128.2
│   forceFrequency = 90.0
│   bathFrequency = 100.0
│   forceAmplitude = 0.0
└   bathAmplitude = 0.0004969804057656668
┌ Info: simulation progress
│   step = 546
│   of_estimate = 1801
│   percent = 30.3
│   elapsed_s = 138.8
│   eta_s = 319.1
│   forceFrequency = 90.0
│   bathFrequency = 80.0
│   forceAmplitude = 0.0
└   bathAmplitude = 0.0001941329710022136
┌ Info: simulation progress
│   step = 1080
│   of_estimate = 1800
│   percent = 60.0
│   elapsed_s = 159.6
│   eta_s = 106.4
│   forceFrequency = 90.0
│   bathFrequency = 100.0
│   forceAmplitude = 0.0
└   bathAmplitude = 0.0004969804057656668
┌ Info: simulation progress
│   step = 637
│   of_estimate = 1801
│   percent = 35.4
│   elapsed_s = 141.0
│   eta_s = 257.7
│   forceFrequency = 90.0
│   bathFrequency = 80.0
│   forceAmplitude = 0.0
└   bathAmplitude = 0.0001941329710022136
┌ Info: simulation progress
│   step = 1170
│   of_estimate = 1800
│   percent = 65.0
│   elapsed_s = 161.9
│   eta_s = 87.2
│   forceFrequency = 90.0
│   bathFrequency = 100.0
│   forceAmplitude = 0.0
└   bathAmplitude = 0.0004969804057656668
┌ Info: converged
│   step = 1200
│   periods = 20.000000000000334
│   amplitude = 0.0012947474585445961
│   phase_deg = 124.14407772393199
│   amp_rel_change = 0.019062251879156986
└   phase_change_deg = 0.592424973731994
┌ Info: finished simulation
│   status = :ok
│   steps = 1200
└   elapsed_s = 163.65192484855652
┌ Info: case finished
│   case = 29
│   of = 30
│   gamma = 0.2
│   freqHz = 100.0
│   status = :ok
│   elapsed_s = 163.6783049106598
│   CoM_max_cm = 0.030492952961873376
└   CoM_rms_cm = 0.02926657387781182
┌ Info: case starting
│   case = 30
│   of = 30
│   gamma = 0.5
│   freqHz = 100.0
└   thread = 2
┌ Info: simulation progress
│   step = 728
│   of_estimate = 1801
│   percent = 40.4
│   elapsed_s = 143.9
│   eta_s = 212.1
│   forceFrequency = 90.0
│   bathFrequency = 80.0
│   forceAmplitude = 0.0
└   bathAmplitude = 0.0001941329710022136
┌ Info: starting simulation
│   diskRadius = 0.2
│   diskMass = 0.0283
│   forceAmplitude = 0.0
│   forceFrequency = 90.0
│   bathAmplitude = 0.001242451014414167
│   bathFrequency = 100.0
│   nr = 2500
│   solverType = :auto
└   startStatic = true
┌ Info: static equilibrium solved
│   z_eq = -0.131982242133607
└   z_eq_cm = -0.026396448426721397
┌ Info: solver path selected
│   requested = :auto
│   resolved = :lu
│   n = 5002
└   stepsPerCycle = 60
┌ Info: simulation progress
│   step = 819
│   of_estimate = 1801
│   percent = 45.5
│   elapsed_s = 147.4
│   eta_s = 176.8
│   forceFrequency = 90.0
│   bathFrequency = 80.0
│   forceAmplitude = 0.0
└   bathAmplitude = 0.0001941329710022136
┌ Info: simulation progress
│   step = 910
│   of_estimate = 1801
│   percent = 50.5
│   elapsed_s = 150.0
│   eta_s = 146.9
│   forceFrequency = 90.0
│   bathFrequency = 80.0
│   forceAmplitude = 0.0
└   bathAmplitude = 0.0001941329710022136
┌ Info: simulation progress
│   step = 1001
│   of_estimate = 1801
│   percent = 55.6
│   elapsed_s = 152.4
│   eta_s = 121.8
│   forceFrequency = 90.0
│   bathFrequency = 80.0
│   forceAmplitude = 0.0
└   bathAmplitude = 0.0001941329710022136
┌ Info: simulation progress
│   step = 1092
│   of_estimate = 1801
│   percent = 60.6
│   elapsed_s = 154.6
│   eta_s = 100.4
│   forceFrequency = 90.0
│   bathFrequency = 80.0
│   forceAmplitude = 0.0
└   bathAmplitude = 0.0001941329710022136
┌ Info: converged
│   step = 1140
│   periods = 18.999999999999687
│   amplitude = 0.0004853180681470251
│   phase_deg = 129.74814757019723
│   amp_rel_change = 0.0024681733341060438
└   phase_change_deg = 0.5074841458439607
┌ Info: finished simulation
│   status = :ok
│   steps = 1140
└   elapsed_s = 160.16808986663818
┌ Info: case finished
│   case = 22
│   of = 30
│   gamma = 0.05
│   freqHz = 80.0
│   status = :ok
│   elapsed_s = 160.1803481578827
│   CoM_max_cm = 0.030287939624766766
└   CoM_rms_cm = 0.029261710800461315
┌ Info: case starting
│   case = 23
│   of = 30
│   gamma = 0.2
│   freqHz = 80.0
└   thread = 3
┌ Info: starting simulation
│   diskRadius = 0.2
│   diskMass = 0.0283
│   forceAmplitude = 0.0
│   forceFrequency = 90.0
│   bathAmplitude = 0.0007765318840088544
│   bathFrequency = 80.0
│   nr = 2500
│   solverType = :auto
└   startStatic = true
┌ Info: static equilibrium solved
│   z_eq = -0.131982242133607
└   z_eq_cm = -0.026396448426721397
┌ Info: solver path selected
│   requested = :auto
│   resolved = :lu
│   n = 5002
└   stepsPerCycle = 60
┌ Info: simulation progress
│   step = 90
│   of_estimate = 1800
│   percent = 5.0
│   elapsed_s = 110.6
│   eta_s = 2102.2
│   forceFrequency = 90.0
│   bathFrequency = 30.0
│   forceAmplitude = 0.0
└   bathAmplitude = 0.0013805011271268526
┌ Info: simulation progress
│   step = 180
│   of_estimate = 1800
│   percent = 10.0
│   elapsed_s = 112.7
│   eta_s = 1014.0
│   forceFrequency = 90.0
│   bathFrequency = 30.0
│   forceAmplitude = 0.0
└   bathAmplitude = 0.0013805011271268526
┌ Info: simulation progress
│   step = 270
│   of_estimate = 1800
│   percent = 15.0
│   elapsed_s = 115.2
│   eta_s = 652.8
│   forceFrequency = 90.0
│   bathFrequency = 30.0
│   forceAmplitude = 0.0
└   bathAmplitude = 0.0013805011271268526
┌ Info: simulation progress
│   step = 360
│   of_estimate = 1800
│   percent = 20.0
│   elapsed_s = 117.2
│   eta_s = 468.7
│   forceFrequency = 90.0
│   bathFrequency = 30.0
│   forceAmplitude = 0.0
└   bathAmplitude = 0.0013805011271268526
┌ Info: simulation progress
│   step = 450
│   of_estimate = 1800
│   percent = 25.0
│   elapsed_s = 118.8
│   eta_s = 356.3
│   forceFrequency = 90.0
│   bathFrequency = 30.0
│   forceAmplitude = 0.0
└   bathAmplitude = 0.0013805011271268526
┌ Info: simulation progress
│   step = 540
│   of_estimate = 1800
│   percent = 30.0
│   elapsed_s = 120.5
│   eta_s = 281.3
│   forceFrequency = 90.0
│   bathFrequency = 30.0
│   forceAmplitude = 0.0
└   bathAmplitude = 0.0013805011271268526
┌ Info: simulation progress
│   step = 630
│   of_estimate = 1800
│   percent = 35.0
│   elapsed_s = 122.3
│   eta_s = 227.1
│   forceFrequency = 90.0
│   bathFrequency = 30.0
│   forceAmplitude = 0.0
└   bathAmplitude = 0.0013805011271268526
┌ Info: simulation progress
│   step = 720
│   of_estimate = 1800
│   percent = 40.0
│   elapsed_s = 124.5
│   eta_s = 186.8
│   forceFrequency = 90.0
│   bathFrequency = 30.0
│   forceAmplitude = 0.0
└   bathAmplitude = 0.0013805011271268526
┌ Info: converged
│   step = 780
│   periods = 12.999999999999787
│   amplitude = 0.0024562572303264097
│   phase_deg = 169.70045469190697
│   amp_rel_change = 0.001203835480182614
└   phase_change_deg = 0.4231468300827146
┌ Info: finished simulation
│   status = :ok
│   steps = 780
└   elapsed_s = 127.50529789924622
┌ Info: case finished
│   case = 7
│   of = 30
│   gamma = 0.05
│   freqHz = 30.0
│   status = :ok
│   elapsed_s = 127.54226398468018
│   CoM_max_cm = 0.030585261266268645
└   CoM_rms_cm = 0.02928954848515426
┌ Info: case starting
│   case = 8
│   of = 30
│   gamma = 0.2
│   freqHz = 30.0
└   thread = 5
┌ Info: starting simulation
│   diskRadius = 0.2
│   diskMass = 0.0283
│   forceAmplitude = 0.0
│   forceFrequency = 90.0
│   bathAmplitude = 0.00552200450850741
│   bathFrequency = 30.0
│   nr = 2500
│   solverType = :auto
└   startStatic = true
┌ Info: static equilibrium solved
│   z_eq = -0.131982242133607
└   z_eq_cm = -0.026396448426721397
┌ Info: solver path selected
│   requested = :auto
│   resolved = :lu
│   n = 5002
└   stepsPerCycle = 60
┌ Info: simulation progress
│   step = 90
│   of_estimate = 1800
│   percent = 5.0
│   elapsed_s = 153.3
│   eta_s = 2912.7
│   forceFrequency = 90.0
│   bathFrequency = 50.0
│   forceAmplitude = 0.0
└   bathAmplitude = 0.004969804057656668
┌ Info: simulation progress
│   step = 180
│   of_estimate = 1800
│   percent = 10.0
│   elapsed_s = 155.3
│   eta_s = 1397.4
│   forceFrequency = 90.0
│   bathFrequency = 50.0
│   forceAmplitude = 0.0
└   bathAmplitude = 0.004969804057656668
┌ Info: simulation progress
│   step = 270
│   of_estimate = 1800
│   percent = 15.0
│   elapsed_s = 157.1
│   eta_s = 890.1
│   forceFrequency = 90.0
│   bathFrequency = 50.0
│   forceAmplitude = 0.0
└   bathAmplitude = 0.004969804057656668
┌ Info: simulation progress
│   step = 360
│   of_estimate = 1800
│   percent = 20.0
│   elapsed_s = 159.0
│   eta_s = 636.0
│   forceFrequency = 90.0
│   bathFrequency = 50.0
│   forceAmplitude = 0.0
└   bathAmplitude = 0.004969804057656668
┌ Info: simulation progress
│   step = 450
│   of_estimate = 1800
│   percent = 25.0
│   elapsed_s = 161.1
│   eta_s = 483.2
│   forceFrequency = 90.0
│   bathFrequency = 50.0
│   forceAmplitude = 0.0
└   bathAmplitude = 0.004969804057656668
┌ Info: simulation progress
│   step = 540
│   of_estimate = 1800
│   percent = 30.0
│   elapsed_s = 163.1
│   eta_s = 380.6
│   forceFrequency = 90.0
│   bathFrequency = 50.0
│   forceAmplitude = 0.0
└   bathAmplitude = 0.004969804057656668
┌ Info: simulation progress
│   step = 630
│   of_estimate = 1800
│   percent = 35.0
│   elapsed_s = 164.8
│   eta_s = 306.1
│   forceFrequency = 90.0
│   bathFrequency = 50.0
│   forceAmplitude = 0.0
└   bathAmplitude = 0.004969804057656668
┌ Info: converged
│   step = 660
│   periods = 10.9999999999999
│   amplitude = 0.011196447951512064
│   phase_deg = 145.04032609582748
│   amp_rel_change = 0.000278658575007389
└   phase_change_deg = 1.1242194412800188
┌ Info: finished simulation
│   status = :ok
│   steps = 660
└   elapsed_s = 166.69150805473328
┌ Info: case finished
│   case = 15
│   of = 30
│   gamma = 0.5
│   freqHz = 50.0
│   status = :ok
│   elapsed_s = 166.70961809158325
│   CoM_max_cm = 0.0327310971126876
└   CoM_rms_cm = 0.029439170256263303
┌ Info: case starting
│   case = 16
│   of = 30
│   gamma = 0.05
│   freqHz = 60.0
└   thread = 4
┌ Info: starting simulation
│   diskRadius = 0.2
│   diskMass = 0.0283
│   forceAmplitude = 0.0
│   forceFrequency = 90.0
│   bathAmplitude = 0.00034512528178171314
│   bathFrequency = 60.0
│   nr = 2500
│   solverType = :auto
└   startStatic = true
┌ Info: static equilibrium solved
│   z_eq = -0.131982242133607
└   z_eq_cm = -0.026396448426721397
┌ Info: solver path selected
│   requested = :auto
│   resolved = :lu
│   n = 5002
└   stepsPerCycle = 60
┌ Info: simulation progress
│   step = 90
│   of_estimate = 1800
│   percent = 5.0
│   elapsed_s = 150.6
│   eta_s = 2860.9
│   forceFrequency = 90.0
│   bathFrequency = 100.0
│   forceAmplitude = 0.0
└   bathAmplitude = 0.001242451014414167
┌ Info: simulation progress
│   step = 180
│   of_estimate = 1800
│   percent = 10.0
│   elapsed_s = 153.1
│   eta_s = 1377.8
│   forceFrequency = 90.0
│   bathFrequency = 100.0
│   forceAmplitude = 0.0
└   bathAmplitude = 0.001242451014414167
┌ Info: simulation progress
│   step = 270
│   of_estimate = 1800
│   percent = 15.0
│   elapsed_s = 155.3
│   eta_s = 880.1
│   forceFrequency = 90.0
│   bathFrequency = 100.0
│   forceAmplitude = 0.0
└   bathAmplitude = 0.001242451014414167
┌ Info: simulation progress
│   step = 360
│   of_estimate = 1800
│   percent = 20.0
│   elapsed_s = 157.1
│   eta_s = 628.6
│   forceFrequency = 90.0
│   bathFrequency = 100.0
│   forceAmplitude = 0.0
└   bathAmplitude = 0.001242451014414167
┌ Info: simulation progress
│   step = 450
│   of_estimate = 1800
│   percent = 25.0
│   elapsed_s = 158.7
│   eta_s = 476.1
│   forceFrequency = 90.0
│   bathFrequency = 100.0
│   forceAmplitude = 0.0
└   bathAmplitude = 0.001242451014414167
┌ Info: simulation progress
│   step = 540
│   of_estimate = 1800
│   percent = 30.0
│   elapsed_s = 161.2
│   eta_s = 376.1
│   forceFrequency = 90.0
│   bathFrequency = 100.0
│   forceAmplitude = 0.0
└   bathAmplitude = 0.001242451014414167
┌ Info: simulation progress
│   step = 630
│   of_estimate = 1800
│   percent = 35.0
│   elapsed_s = 162.8
│   eta_s = 302.4
│   forceFrequency = 90.0
│   bathFrequency = 100.0
│   forceAmplitude = 0.0
└   bathAmplitude = 0.001242451014414167
┌ Info: simulation progress
│   step = 91
│   of_estimate = 1801
│   percent = 5.1
│   elapsed_s = 152.4
│   eta_s = 2863.4
│   forceFrequency = 90.0
│   bathFrequency = 80.0
│   forceAmplitude = 0.0
└   bathAmplitude = 0.0007765318840088544
┌ Info: simulation progress
│   step = 720
│   of_estimate = 1800
│   percent = 40.0
│   elapsed_s = 165.6
│   eta_s = 248.3
│   forceFrequency = 90.0
│   bathFrequency = 100.0
│   forceAmplitude = 0.0
└   bathAmplitude = 0.001242451014414167
┌ Info: simulation progress
│   step = 182
│   of_estimate = 1801
│   percent = 10.1
│   elapsed_s = 155.4
│   eta_s = 1382.2
│   forceFrequency = 90.0
│   bathFrequency = 80.0
│   forceAmplitude = 0.0
└   bathAmplitude = 0.0007765318840088544
┌ Info: simulation progress
│   step = 810
│   of_estimate = 1800
│   percent = 45.0
│   elapsed_s = 168.5
│   eta_s = 206.0
│   forceFrequency = 90.0
│   bathFrequency = 100.0
│   forceAmplitude = 0.0
└   bathAmplitude = 0.001242451014414167
┌ Info: simulation progress
│   step = 273
│   of_estimate = 1801
│   percent = 15.2
│   elapsed_s = 157.8
│   eta_s = 883.4
│   forceFrequency = 90.0
│   bathFrequency = 80.0
│   forceAmplitude = 0.0
└   bathAmplitude = 0.0007765318840088544
┌ Info: simulation progress
│   step = 900
│   of_estimate = 1800
│   percent = 50.0
│   elapsed_s = 170.4
│   eta_s = 170.4
│   forceFrequency = 90.0
│   bathFrequency = 100.0
│   forceAmplitude = 0.0
└   bathAmplitude = 0.001242451014414167
┌ Info: simulation progress
│   step = 364
│   of_estimate = 1801
│   percent = 20.2
│   elapsed_s = 160.3
│   eta_s = 632.9
│   forceFrequency = 90.0
│   bathFrequency = 80.0
│   forceAmplitude = 0.0
└   bathAmplitude = 0.0007765318840088544
┌ Info: simulation progress
│   step = 990
│   of_estimate = 1800
│   percent = 55.0
│   elapsed_s = 172.1
│   eta_s = 140.8
│   forceFrequency = 90.0
│   bathFrequency = 100.0
│   forceAmplitude = 0.0
└   bathAmplitude = 0.001242451014414167
┌ Info: simulation progress
│   step = 455
│   of_estimate = 1801
│   percent = 25.3
│   elapsed_s = 162.6
│   eta_s = 480.9
│   forceFrequency = 90.0
│   bathFrequency = 80.0
│   forceAmplitude = 0.0
└   bathAmplitude = 0.0007765318840088544
┌ Info: simulation progress
│   step = 1080
│   of_estimate = 1800
│   percent = 60.0
│   elapsed_s = 174.4
│   eta_s = 116.2
│   forceFrequency = 90.0
│   bathFrequency = 100.0
│   forceAmplitude = 0.0
└   bathAmplitude = 0.001242451014414167
┌ Info: converged
│   step = 1140
│   periods = 19.000000000000284
│   amplitude = 0.0032536398206425843
│   phase_deg = 123.9370865417787
│   amp_rel_change = 0.013311656435486968
└   phase_change_deg = 0.44962142077886824
┌ Info: finished simulation
│   status = :ok
│   steps = 1140
└   elapsed_s = 179.86987209320068
┌ Info: case finished
│   case = 30
│   of = 30
│   gamma = 0.5
│   freqHz = 100.0
│   status = :ok
│   elapsed_s = 179.90315413475037
│   CoM_max_cm = 0.03094022769264719
└   CoM_rms_cm = 0.0293021087907641
┌ Info: simulation progress
│   step = 546
│   of_estimate = 1801
│   percent = 30.3
│   elapsed_s = 164.5
│   eta_s = 378.1
│   forceFrequency = 90.0
│   bathFrequency = 80.0
│   forceAmplitude = 0.0
└   bathAmplitude = 0.0007765318840088544
┌ Info: simulation progress
│   step = 637
│   of_estimate = 1801
│   percent = 35.4
│   elapsed_s = 166.4
│   eta_s = 304.0
│   forceFrequency = 90.0
│   bathFrequency = 80.0
│   forceAmplitude = 0.0
└   bathAmplitude = 0.0007765318840088544
┌ Info: converged
│   step = 720
│   periods = 11.999999999999961
│   amplitude = 0.0020105111194396543
│   phase_deg = 128.61112312497445
│   amp_rel_change = 0.016862075688311
└   phase_change_deg = 1.9789950140802262
┌ Info: finished simulation
│   status = :ok
│   steps = 720
└   elapsed_s = 169.71682786941528
┌ Info: case finished
│   case = 23
│   of = 30
│   gamma = 0.2
│   freqHz = 80.0
│   status = :ok
│   elapsed_s = 169.72403001785278
│   CoM_max_cm = 0.03062637947942828
└   CoM_rms_cm = 0.029265548501693595
┌ Info: simulation progress
│   step = 90
│   of_estimate = 1800
│   percent = 5.0
│   elapsed_s = 133.5
│   eta_s = 2536.3
│   forceFrequency = 90.0
│   bathFrequency = 30.0
│   forceAmplitude = 0.0
└   bathAmplitude = 0.00552200450850741
┌ Info: simulation progress
│   step = 180
│   of_estimate = 1800
│   percent = 10.0
│   elapsed_s = 135.7
│   eta_s = 1221.1
│   forceFrequency = 90.0
│   bathFrequency = 30.0
│   forceAmplitude = 0.0
└   bathAmplitude = 0.00552200450850741
┌ Info: simulation progress
│   step = 90
│   of_estimate = 1800
│   percent = 5.0
│   elapsed_s = 94.3
│   eta_s = 1790.9
│   forceFrequency = 90.0
│   bathFrequency = 60.0
│   forceAmplitude = 0.0
└   bathAmplitude = 0.00034512528178171314
┌ Info: simulation progress
│   step = 270
│   of_estimate = 1800
│   percent = 15.0
│   elapsed_s = 137.5
│   eta_s = 779.3
│   forceFrequency = 90.0
│   bathFrequency = 30.0
│   forceAmplitude = 0.0
└   bathAmplitude = 0.00552200450850741
┌ Info: simulation progress
│   step = 180
│   of_estimate = 1800
│   percent = 10.0
│   elapsed_s = 96.4
│   eta_s = 867.3
│   forceFrequency = 90.0
│   bathFrequency = 60.0
│   forceAmplitude = 0.0
└   bathAmplitude = 0.00034512528178171314
┌ Info: simulation progress
│   step = 360
│   of_estimate = 1800
│   percent = 20.0
│   elapsed_s = 139.6
│   eta_s = 558.3
│   forceFrequency = 90.0
│   bathFrequency = 30.0
│   forceAmplitude = 0.0
└   bathAmplitude = 0.00552200450850741
┌ Info: simulation progress
│   step = 270
│   of_estimate = 1800
│   percent = 15.0
│   elapsed_s = 98.3
│   eta_s = 557.3
│   forceFrequency = 90.0
│   bathFrequency = 60.0
│   forceAmplitude = 0.0
└   bathAmplitude = 0.00034512528178171314
┌ Info: simulation progress
│   step = 450
│   of_estimate = 1800
│   percent = 25.0
│   elapsed_s = 141.4
│   eta_s = 424.2
│   forceFrequency = 90.0
│   bathFrequency = 30.0
│   forceAmplitude = 0.0
└   bathAmplitude = 0.00552200450850741
┌ Info: simulation progress
│   step = 360
│   of_estimate = 1800
│   percent = 20.0
│   elapsed_s = 100.5
│   eta_s = 401.9
│   forceFrequency = 90.0
│   bathFrequency = 60.0
│   forceAmplitude = 0.0
└   bathAmplitude = 0.00034512528178171314
┌ Info: simulation progress
│   step = 540
│   of_estimate = 1800
│   percent = 30.0
│   elapsed_s = 143.5
│   eta_s = 334.8
│   forceFrequency = 90.0
│   bathFrequency = 30.0
│   forceAmplitude = 0.0
└   bathAmplitude = 0.00552200450850741
┌ Info: simulation progress
│   step = 450
│   of_estimate = 1800
│   percent = 25.0
│   elapsed_s = 102.5
│   eta_s = 307.4
│   forceFrequency = 90.0
│   bathFrequency = 60.0
│   forceAmplitude = 0.0
└   bathAmplitude = 0.00034512528178171314
┌ Info: simulation progress
│   step = 630
│   of_estimate = 1800
│   percent = 35.0
│   elapsed_s = 145.4
│   eta_s = 270.1
│   forceFrequency = 90.0
│   bathFrequency = 30.0
│   forceAmplitude = 0.0
└   bathAmplitude = 0.00552200450850741
┌ Info: simulation progress
│   step = 540
│   of_estimate = 1800
│   percent = 30.0
│   elapsed_s = 104.6
│   eta_s = 244.1
│   forceFrequency = 90.0
│   bathFrequency = 60.0
│   forceAmplitude = 0.0
└   bathAmplitude = 0.00034512528178171314
┌ Info: converged
│   step = 660
│   periods = 10.999999999999867
│   amplitude = 0.009822654638938689
│   phase_deg = 169.79387905836654
│   amp_rel_change = 0.005645358523290242
└   phase_change_deg = 1.7125332372485502
┌ Info: finished simulation
│   status = :ok
│   steps = 660
└   elapsed_s = 147.24080204963684
┌ Info: case finished
│   case = 8
│   of = 30
│   gamma = 0.2
│   freqHz = 30.0
│   status = :ok
│   elapsed_s = 147.25526905059814
│   CoM_max_cm = 0.0322509400711276
└   CoM_rms_cm = 0.029369102210574274
┌ Info: simulation progress
│   step = 630
│   of_estimate = 1800
│   percent = 35.0
│   elapsed_s = 106.5
│   eta_s = 197.8
│   forceFrequency = 90.0
│   bathFrequency = 60.0
│   forceAmplitude = 0.0
└   bathAmplitude = 0.00034512528178171314
┌ Info: simulation progress
│   step = 720
│   of_estimate = 1800
│   percent = 40.0
│   elapsed_s = 108.6
│   eta_s = 162.9
│   forceFrequency = 90.0
│   bathFrequency = 60.0
│   forceAmplitude = 0.0
└   bathAmplitude = 0.00034512528178171314
┌ Info: simulation progress
│   step = 810
│   of_estimate = 1800
│   percent = 45.0
│   elapsed_s = 110.5
│   eta_s = 135.1
│   forceFrequency = 90.0
│   bathFrequency = 60.0
│   forceAmplitude = 0.0
└   bathAmplitude = 0.00034512528178171314
┌ Info: simulation progress
│   step = 900
│   of_estimate = 1800
│   percent = 50.0
│   elapsed_s = 112.6
│   eta_s = 112.6
│   forceFrequency = 90.0
│   bathFrequency = 60.0
│   forceAmplitude = 0.0
└   bathAmplitude = 0.00034512528178171314
┌ Info: converged
│   step = 960
│   periods = 15.999999999999668
│   amplitude = 0.0008171559354926254
│   phase_deg = 138.26877775281838
│   amp_rel_change = 0.013852111957688129
└   phase_change_deg = 0.11252468990795705
┌ Info: finished simulation
│   status = :ok
│   steps = 960
└   elapsed_s = 116.32593703269958
┌ Info: case finished
│   case = 16
│   of = 30
│   gamma = 0.05
│   freqHz = 60.0
│   status = :ok
│   elapsed_s = 116.33684086799622
│   CoM_max_cm = 0.030284935106082184
└   CoM_rms_cm = 0.029267850398228535
┌ Info: sweep finished
│   ok = 30
│   errors = 0
│   skipped = 0
└   summary = "/oscar/data/dharri15/eaguerov/Github/km-disk-vibrating/output/4193275_20260722_214351/sweep/summary.csv"
┌ Debug: Write PNG info:
│   png_ptr = Ptr{Nothing}(0x00000000055ff1d0)
│   height = 1350
│   width = 1800
│   bit_depth = 8
│   color_type = 6
│   filters = 128
│   compression_level = 1
│   compression_strategy = 3
│   palette = nothing
│   typeof(image) = Matrix{ARGB32} (alias for Array{ColorTypes.ARGB32, 2})
└ @ PNGFiles ~/.julia/packages/PNGFiles/tc8G3/src/io.jl:505
┌ Debug: Deleting scenes not implemented for backend: CairoMakie.Screen{CairoMakie.IMAGE}
└ @ Makie ~/.julia/packages/Makie/XzVRj/src/scenes.jl:530
┌ Debug: Write PNG info:
│   png_ptr = Ptr{Nothing}(0x0000000004d24150)
│   height = 1350
│   width = 1800
│   bit_depth = 8
│   color_type = 6
│   filters = 128
│   compression_level = 1
│   compression_strategy = 3
│   palette = nothing
│   typeof(image) = Matrix{ARGB32} (alias for Array{ColorTypes.ARGB32, 2})
└ @ PNGFiles ~/.julia/packages/PNGFiles/tc8G3/src/io.jl:505
┌ Debug: Deleting scenes not implemented for backend: CairoMakie.Screen{CairoMakie.IMAGE}
└ @ Makie ~/.julia/packages/Makie/XzVRj/src/scenes.jl:530
┌ Info: baseline check complete
│   amp_rmse = 0.08482509815240952
│   phase_rmse_deg = 6.001592386470637
│   pass_primary = true
│   pass_incident_guard = true
│   outdir = "/oscar/data/dharri15/eaguerov/Github/km-disk-vibrating/output/4193275_20260722_214351/sweep"
│   amp_plot = "/oscar/data/dharri15/eaguerov/Github/km-disk-vibrating/output/4193275_20260722_214351/sweep/val_amp_sweep.png"
└   phase_plot = "/oscar/data/dharri15/eaguerov/Github/km-disk-vibrating/output/4193275_20260722_214351/sweep/val_phase_sweep.png"
